team,playerId,name,등번호,생년월일,포지션,신장/체중,경력,입단 계약금,연봉,지명순위,입단년도
LG,69100,구본혁,No. 6,1997년 01월 11일,내야수(우투우타),177cm/75kg,중대초-잠신중-장충고-동국대-LG-상무,5000만원,13500만원,19 LG 2차 6라운드 55순위,19LG
LG,77263,김강률,No. 37,1988년 08월 28일,투수(우투우타),187cm/95kg,문촌초(일산리틀)-장성중-경기고-두산-상무-두산,8000만원,10000만원,07 두산 2차 4라운드 26순위,07두산
LG,66145,김대현,No. 12,1997년 03월 08일,투수(우투우타),188cm/100kg,홍연초(마포구리틀)-홍은중-선린인터넷고,27000만원,7500만원,16 LG 1차,16LG
LG,67504,김민수,No. 16,1998년 03월 18일,내야수(우투우타),184cm/97kg,서화초-동산중-제물포고-롯데-경찰-롯데,11000만원,6000만원,17 롯데 2차 2라운드 13순위,17롯데
LG,53144,김범석,No. 55,2004년 05월 21일,내야수(우투우타),178cm/110kg,김해삼성초-경남중-경남고,25000만원,4700만원,23 LG 1라운드 7순위,23LG
LG,52105,김성우,No. 44,2003년 11월 15일,포수(우투우타),180cm/85kg,성동초-건대부중-배재고,5000만원,3100만원,22 LG 2차 7라운드 67순위,24LG
LG,69105,김성진,No. 36,2000년 03월 17일,내야수(우투우타),183cm/100kg,수원신곡초-매향중-야탑고,5000만원,3300만원,19 LG 2차 7라운드 65순위,20LG
LG,55167,김영우,No. 67,2005년 01월 14일,투수(우투우타),185cm/90kg,양원초(서대문구리틀)-신월중-서울고,20000만원,3000만원,25 LG 1라운드 10순위,25LG
LG,68130,김영준,No. 35,1999년 01월 12일,투수(우투우타),185cm/90kg,인천연학초-선린중-선린인터넷고,25000만원,4200만원,18 LG 1차,18LG
LG,64596,김유영,No. 0,1994년 05월 02일,투수(좌투좌타),180cm/83kg,양정초-개성중-경남고-롯데-상무-롯데,20000만원,10500만원,14 롯데 1차,14롯데
LG,55122,김종운,No. 49,2006년 09월 11일,투수(우투우타),186cm/85kg,국산초(거제시리틀)-동강중-창원공고야구단,5000만원,3000만원,25 LG 7라운드 70순위,
LG,66162,김주성,No. 5,1998년 01월 30일,내야수(우투우타),180cm/81kg,수원신곡초-덕수중-휘문고,10000만원,3500만원,16 LG 2차 2라운드 14순위,16LG
LG,65411,김주온,No. 57,1996년 12월 08일,투수(우투우타),187cm/89kg,울산대현초-구미중-울산공고-SK-SSG,5000만원,3000만원,15 삼성 2차 7라운드 72순위,20SK
LG,62558,김준태,No. 47,1994년 07월 31일,포수(우투좌타),175cm/91kg,양정초-개성중-경남고-(영남사이버대)-롯데-상무-롯데-KT,,7500만원,12 롯데 육성선수,13롯데
LG,75867,김진성,No. 42,1985년 03월 07일,투수(우투우타),186cm/90kg,인헌초-성남중-성남서고-SK-NC,,33000만원,04 SK 2차 6라운드 42순위,05SK
LG,51154,김진수,No. 45,1998년 08월 31일,투수(우투우타),179cm/82kg,이세초-군산중-군산상고-중앙대,10000만원,3600만원,21 LG 2차 2라운드 17순위,21LG
LG,76290,김현수,No. 22,1988년 01월 12일,외야수(우투좌타),188cm/105kg,쌍문초-신일중-신일고-두산-볼티모어-필라델피아,,50000만원,06 두산 육성선수,06두산
LG,54166,김현종,No. 66,2004년 08월 04일,외야수(우투우타),186cm/85kg,상인천초-동인천중-인천고,15000만원,3200만원,24 LG 2라운드 18순위,24LG
LG,69102,문보경,No. 2,2000년 07월 19일,내야수(우투좌타),182cm/88kg,송중초(동대문구리틀)-덕수중-신일고,8000만원,41000만원,19 LG 2차 3라운드 25순위,21LG
LG,68119,문성주,No. 8,1997년 02월 20일,외야수(좌투좌타),175cm/78kg,포항서초-포항제철중-경북고-강릉영동대,3000만원,18000만원,18 LG 2차 10라운드 97순위,18LG
LG,52121,문정빈,No. 53,2003년 08월 15일,내야수(우투우타),186cm/90kg,가동초-잠신중-서울고,4000만원,3100만원,22 LG 2차 8라운드 77순위,25LG
LG,55164,박관우,No. 64,2006년 03월 22일,외야수(좌투좌타),174cm/82kg,욱수초(경산시리틀)-경운중-경북고,7000만원,3000만원,25 LG 5라운드 50순위,25LG
LG,79365,박동원,No. 27,1990년 04월 07일,포수(우투우타),178cm/92kg,양정초-개성중-개성고-히어로즈-상무-히어로즈-키움-KIA,6000만원,120000만원,09 히어로즈 2차 3라운드 19순위,09히어로즈
LG,53139,박명근,No. 39,2004년 03월 27일,투수(우언우타),174cm/75kg,수택초(구리리틀)-구리인창중-라온고,11000만원,6000만원,23 LG 3라운드 27순위,23LG
LG,55121,박시원,No. 19,2006년 04월 12일,투수(우투우타),193cm/93kg,송수초(해운대리틀)-센텀중-경남고,,3000만원,25 LG 6라운드 60순위,25LG
LG,62415,박해민,No. 17,1990년 02월 24일,외야수(우투좌타),180cm/75kg,영중초-양천중-신일고-한양대-삼성,,60000만원,12 삼성 육성선수,12삼성
LG,63145,배재준,No. 25,1994년 11월 24일,투수(우투우타),188cm/85kg,본리초-경상중-대구상원고,10000만원,4500만원,13 LG 2라운드 16순위,16LG
LG,65109,백승현,No. 61,1995년 05월 26일,투수(우투우타),183cm/90kg,소래초-상인천중-인천고,7000만원,7000만원,15 LG 2차 3라운드 30순위,17LG
LG,55160,서영준,No. 60,2006년 03월 18일,외야수(우투우타),186cm/90kg,화정초-진흥중-전주고,7000만원,3000만원,25 LG 5라운드 44순위,25LG
LG,68159,성동현,No. 34,1999년 05월 18일,투수(우투우타),189cm/108kg,백마초-홍은중-장충고,15000만원,3400만원,18 LG 2차 1라운드 7순위,18LG
LG,54156,손용준,No. 52,2000년 02월 15일,내야수(우투우타),178cm/85kg,김해화정초(김해리틀)-내동중-김해고-동원과학기술대,10000만원,3100만원,24 LG 3라운드 28순위,24LG
LG,67143,손주영,No. 29,1998년 12월 02일,투수(좌투좌타),191cm/95kg,울산대현초-개성중-경남고,15000만원,17200만원,17 LG 2차 1라운드 2순위,17LG
LG,51111,송승기,No. 13,2002년 04월 10일,투수(좌투좌타),181cm/90kg,삼일초-매향중-야탑고-LG-상무,3000만원,3600만원,21 LG 2차 9라운드 87순위,22LG
LG,68110,송찬의,No. 14,1999년 02월 20일,외야수(우투우타),182cm/80kg,화곡초-선린중-선린인터넷고,5000만원,3500만원,18 LG 2차 7라운드 67순위,22LG
LG,65207,신민재,No. 4,1996년 01월 21일,내야수(우투좌타),171cm/67kg,서흥초-동인천중-인천고,,20000만원,15 두산 육성선수,19LG
LG,61411,심창민,No. 28,1993년 02월 01일,투수(우언우타),185cm/86kg,동삼초-경남중-경남고-삼성-상무-삼성-NC,20000만원,8000만원,11 삼성 1라운드 4순위,11삼성
LG,65115,안익훈,No. 15,1996년 02월 12일,외야수(좌투좌타),176cm/76kg,대전신흥초-충남중-대전고,12000만원,5200만원,15 LG 2차 1라운드 7순위,15LG
LG,54119,에르난데스,No.,1995년 05월 03일,투수(우투우타),185cm/97kg,베네수엘라 U.E.N Monsenor Perez Leon(고)-LG,,800000달러,24 LG 자유선발,24LG
LG,53123,오스틴,No. 23,1993년 10월 14일,내야수(우투우타),183cm/97kg,미국 Klein Collins(고),100000달러,1200000달러,23 LG 자유선발,23LG
LG,79109,오지환,No. 10,1990년 03월 12일,내야수(우투좌타),185cm/80kg,군산초-자양중-경기고,28000만원,30000만원,09 LG 1차,09LG
LG,51526,우강훈,No. 20,2002년 10월 03일,투수(우언우타),183cm/88kg,희망대초-매송중-야탑고-롯데,4000만원,3600만원,21 롯데 2차 5라운드 41순위,23롯데
LG,50106,유영찬,No. 54,1997년 03월 07일,투수(우투좌타),185cm/90kg,덕성초(안산리틀)-배명중-배명고-건국대,,21000만원,20 LG 2차 5라운드 43순위,23LG
LG,51100,이영빈,No. 7,2002년 06월 17일,내야수(우투좌타),182cm/82kg,대전동산초(대전중구리틀)-충남중-세광고-LG-상무,13000만원,6000만원,21 LG 2차 1라운드 7순위,21LG
LG,61145,이우찬,No. 21,1992년 08월 04일,투수(좌투좌타),185cm/97kg,온양온천초-온양중-북일고-LG-경찰,11000만원,10000만원,11 LG 2라운드 15순위,11LG
LG,69134,이정용,No. 31,1996년 03월 26일,투수(우투우타),185cm/83kg,영일초-성남중-성남고-동아대-LG-상무,20000만원,27000만원,19 LG 1차,19LG
LG,50904,이종준,No. 40,2001년 03월 09일,투수(우투우타),191cm/93kg,군산중앙초-군산남중-군산상고,3000만원,4200만원,20 NC 2차 9라운드 81순위,24LG
LG,52154,이주헌,No. 26,2003년 03월 04일,포수(우투우타),185cm/92kg,서울이수초-성남중-성남고,7000만원,3300만원,22 LG 2차 3라운드 27순위,22LG
LG,69108,이지강,No. 32,1999년 07월 02일,투수(우투우타),183cm/85kg,수원선일초-수원북중-소래고,3000만원,8300만원,19 LG 2차 9라운드 85순위,22LG
LG,55165,이태훈,No. 65,2006년 08월 21일,내야수(우투좌타),183cm/83kg,가동초-덕수중-경동고,8000만원,3000만원,25 LG 4라운드 40순위,25LG
LG,55100,이한림,No. 00,2006년 11월 18일,포수(우투우타),182cm/92kg,해남동초(해남군리틀)-화순중-전주고,11000만원,3000만원,25 LG 3라운드 30순위,25LG
LG,61101,임찬규,No. 1,1992년 11월 20일,투수(우투우타),185cm/80kg,가동초-청원중-휘문고-LG-경찰,30000만원,20000만원,11 LG 1라운드 2순위,11LG
LG,63950,장현식,No. 50,1995년 02월 24일,투수(우투우타),181cm/91kg,신도초-서울이수중-서울고-NC-경찰-NC-KIA,15000만원,20000만원,13 NC 1라운드 9순위,13NC
LG,69159,정우영,No. 18,1999년 08월 19일,투수(우언우타),193cm/99kg,가평초-강남중-서울고,10000만원,18000만원,19 LG 2차 2라운드 15순위,19LG
LG,54148,진우영,No. 48,2001년 02월 05일,투수(우투우타),188cm/97kg,성동초-글로벌선진학교,,3400만원,24 LG 4라운드 38순위,24LG
LG,50054,천성호,No. 59,1997년 10월 30일,내야수(우투좌타),183cm/85kg,광주화정초-충장중-진흥고-단국대-KT-상무-KT,10000만원,7100만원,20 KT 2차 2라운드 12순위,20KT
LG,65905,최승민,No. 62,1996년 07월 01일,외야수(우투좌타),181cm/73kg,서울학동초-대치중-신일고-상무-NC,,4300만원,15 NC 육성선수,17상무
LG,52103,최원영,No. 3,2003년 07월 18일,외야수(우투우타),174cm/76kg,부산수영초-사직중-부산고,5000만원,4000만원,22 LG 2차 6라운드 57순위,24LG
LG,68419,최채흥,No. 56,1995년 01월 22일,투수(좌투좌타),186cm/97kg,동천초-포항중-대구상원고-한양대-삼성-상무-삼성,30000만원,13000만원,18 삼성 1차,18삼성
LG,55163,추세현,No. 63,2006년 04월 19일,투수(우투우타),187cm/90kg,성신초(서울중구리틀)-청량중-경기상고,15000만원,3000만원,25 LG 2라운드 20순위,25LG
LG,55146,치리노스,No. 46,1993년 12월 26일,투수(우투우타),188cm/102kg,베네수엘라 U.E.N heroes nigales(고),200000달러,800000달러,25 LG 자유선발,25LG
LG,55138,코엔 윈,No.,1999년 01월 25일,투수(우투우타),193cm/86kg,호주 Grand Canyon(대)-LG,,11000달러,25 LG 부상 대체 외국인선수,25LG
LG,55130,톨허스트,No. 30,1999년 09월 13일,투수(우투우타),193cm/86kg,미국 Grossmont(고),,270000달러,25 LG 자유선발,25LG
LG,63248,함덕주,No. 11,1995년 01월 13일,투수(좌투좌타),181cm/78kg,일산초-원주중-원주고-두산,6000만원,20000만원,13 두산 5라운드 43순위,13두산
LG,50108,함창건,No. 24,2001년 08월 18일,외야수(좌투좌타),176cm/83kg,백운초-충암중-충암고,5000만원,3200만원,20 LG 2차 7라운드 63순위,24LG
LG,53102,허용주,No. 43,2003년 06월 05일,투수(우투우타),194cm/88kg,사파초-마산동중-용마고,5000만원,3000만원,23 LG 7라운드 67순위,25LG
LG,52119,허준혁,No. 58,1999년 07월 02일,투수(우투우타),180cm/85kg,가평초(가평군리틀)-영동중-경기고-한일장신대-LG-상무,6000만원,3300만원,22 LG 2차 5라운드 47순위,22LG
LG,66108,홍창기,No. 51,1993년 11월 21일,외야수(우투좌타),189cm/94kg,대일초-매송중-안산공고-건국대-LG-경찰,8000만원,65000만원,16 LG 2차 3라운드 27순위,16LG
한화,50705,강재민,No. 39,1997년 04월 03일,투수(우언우타),180cm/89kg,양덕초-마산중-용마고-단국대,8000만원,14500만원,20 한화 2차 4라운드 38순위,20한화
한화,52769,권광민,No. 17,1997년 12월 12일,내야수(좌투좌타),189cm/102kg,서울청구초-홍은중-장충고,,3800만원,22 한화 2차 5라운드 41순위,16시카고컵스
한화,55764,권민규,No. 64,2006년 05월 13일,투수(좌투좌타),188cm/90kg,청주석교초-세광중-세광고,16000만원,3000만원,25 한화 2라운드 12순위,25한화
한화,51715,김기중,No. 15,2002년 11월 16일,투수(좌투좌타),186cm/96kg,의왕부곡초-매송중-유신고,15000만원,6000만원,21 한화 2차 1라운드 2순위,21한화
한화,54705,김도빈,No. 62,2001년 01월 05일,투수(우투우타),190cm/95kg,서화초-경기신흥중-성지고-강릉영동대,,3100만원,24 한화 육성선수,24한화
한화,65764,김민우,No. 53,1995년 07월 25일,투수(우투우타),186cm/123kg,사파초-마산중-용마고,20000만원,13000만원,15 한화 2차 1라운드 1순위,15한화
한화,65769,김범수,No. 47,1995년 10월 03일,투수(좌투좌타),181cm/92kg,온양온천초-온양중-북일고,20000만원,14300만원,15 한화 1차,15한화
한화,53754,김서현,No. 44,2004년 05월 31일,투수(우투우타),188cm/86kg,효제초-자양중-서울고,50000만원,5600만원,23 한화 1라운드 1순위,23한화
한화,50711,김승일,No. 14,2001년 07월 07일,투수(우언우타),183cm/85kg,해강초(해운대리틀)-센텀중-경남고,3000만원,3200만원,20 한화 2차 10라운드 98순위,24한화
한화,66715,김인환,No. 37,1994년 01월 28일,내야수(우투좌타),186cm/100kg,화순초-화순중-화순고-성균관대,,5500만원,16 한화 육성선수,18한화
한화,63765,김종수,No. 38,1994년 06월 03일,투수(우투우타),180cm/88kg,성동초-덕수중-울산공고,3000만원,5500만원,13 한화 8라운드 74순위,13한화
한화,66704,김태연,No. 25,1997년 06월 10일,외야수(우투우타),178cm/96kg,서울청구초-덕수중-야탑고,5000만원,14600만원,16 한화 2차 6라운드 59순위,17한화
한화,69737,노시환,No. 8,2000년 12월 03일,내야수(우투우타),185cm/105kg,부산수영초-경남중-경남고,20000만원,33000만원,19 한화 2차 1라운드 3순위,19한화
한화,76715,류현진,No. 99,1987년 03월 25일,투수(좌투우타),190cm/113kg,창영초-동산중-동산고-(대전대)-한화-LA다저스-토론토,25000만원,200000만원,06 한화 2차 1라운드 2순위,06한화
한화,55703,리베라토,No. 0,1995년 12월 18일,외야수(좌투좌타),185cm/79kg,Esperanza Milena Martinez (고),,205000달러,25 한화 부상 대체 외국인선수,25한화
한화,52701,문동주,No. 1,2003년 12월 23일,투수(우투우타),188cm/97kg,광주화정초-무등중-진흥고,50000만원,10000만원,22 한화 1차,22한화
한화,51705,문승진,No.,2002년 04월 02일,투수(우투우타),185cm/91kg,서울청구초-홍은중-서울고-한화,3000만원,3000만원,21 한화 2차 10라운드 92순위,25한화
한화,53764,문현빈,No. 51,2004년 04월 20일,내야수(우투좌타),174cm/82kg,대전유천초-온양중-북일고,15000만원,8800만원,23 한화 2라운드 11순위,23한화
한화,66707,박상언,No. 42,1997년 03월 03일,포수(우투우타),185cm/90kg,무원초-영남중-유신고-한화-상무,4000만원,4200만원,16 한화 2차 8라운드 79순위,17한화
한화,67703,박상원,No. 58,1994년 09월 09일,투수(우투우타),187cm/98kg,백운초-서울이수중-휘문고-연세대,8000만원,22000만원,17 한화 2차 3라운드 25순위,17한화
한화,50709,박정현,No. 63,2001년 07월 27일,내야수(우투우타),183cm/83kg,부천북초-부천중-유신고-한화-상무,4000만원,3700만원,20 한화 2차 8라운드 78순위,20한화
한화,52731,박준영,No. 113,2003년 03월 02일,투수(우투우타),190cm/103kg,청주우암초(청주시리틀)-세광중-세광고,20000만원,,22 한화 2차 1라운드 1순위,22한화
한화,51761,배동현,No. 61,1998년 03월 16일,투수(우투좌타),183cm/83kg,판곡초(양평리틀)-언북중-경기고-한일장신대-한화-상무,6000만원,3400만원,21 한화 2차 5라운드 42순위,21한화
한화,69974,배민서,No. 45,1999년 11월 18일,투수(우언우타),184cm/90kg,대구수창초-경운중-대구상원고-NC-상무-NC,7000만원,4100만원,19 NC 2차 4라운드 37순위,19NC
한화,55798,배승수,No. 98,2006년 05월 15일,내야수(우투우타),184cm/73kg,가동초-자양중-덕수고,9000만원,3000만원,25 한화 4라운드 32순위,25한화
한화,53711,성지훈,No.,2000년 01월 29일,투수(좌투좌타),181cm/68kg,송정동초-무등중-광주제일고-동아대,,3000만원,23 한화 육성선수,24한화
한화,77532,손아섭,No. 31,1988년 03월 18일,외야수(우투좌타),174cm/84kg,양정초-개성중-부산고-롯데-NC,8000만원,50000만원,07 롯데 2차 4라운드 29순위,07롯데
한화,64006,심우준,No. 2,1995년 04월 28일,내야수(우투우타),183cm/75kg,송정동초-언북중-경기고-(영남사이버대)-KT-상무-KT,13000만원,50000만원,14 KT 2차 특별 14순위,14KT
한화,79608,안치홍,No. 3,1990년 07월 02일,내야수(우투우타),178cm/97kg,구지초(구리리틀)-대치중-서울고-KIA-경찰-KIA-롯데,18000만원,50000만원,09 KIA 2차 1라운드 1순위,09KIA
한화,65056,엄상백,No. 11,1996년 10월 04일,투수(우언우타),187cm/72kg,역삼초-언북중-덕수고-KT-상무-KT,23000만원,90000만원,15 KT 1차,15KT
한화,54755,와이스,No. 55,1996년 12월 10일,투수(우투우타),193cm/95kg,미국 Wright State(대),12000달러,600000달러,24 한화 부상 대체 외국인선수,24한화
한화,54702,원종혁,No. 48,2005년 08월 27일,투수(우투우타),184cm/92kg,서울도곡초-휘문중-구리인창고,3000만원,3000만원,24 한화 9라운드 81순위,25한화
한화,69766,유로결,No. 33,2000년 05월 30일,외야수(우투우타),186cm/83kg,광주서림초-광주동성중-광주제일고,11000만원,3500만원,19 한화 2차 2라운드 13순위,19한화
한화,63464,윤대경,No. 5,1994년 04월 09일,투수(우투우타),179cm/81kg,인천서림초-동인천중-인천고-삼성,5000만원,7000만원,13 삼성 7라운드 65순위,13삼성
한화,69213,윤산흠,No. 49,1999년 05월 15일,투수(우투우타),178cm/75kg,광주화정초-진흥중-영선고-두산-상무,,3800만원,19 두산 육성선수,21한화
한화,65703,이도윤,No. 7,1996년 10월 07일,내야수(우투좌타),175cm/79kg,고명초-배재중-북일고,8000만원,11000만원,15 한화 2차 3라운드 24순위,15한화
한화,65616,이민우,No. 27,1993년 02월 09일,투수(우투우타),185cm/104kg,순천북초-순천이수중-효천고-경성대-KIA,24000만원,9400만원,15 KIA 1차,17KIA
한화,55710,이민재,No. 57,2004년 03월 07일,외야수(우투좌타),184cm/80kg,호동초(안산리틀)-안산중-비봉고-동원과학기술대,3000만원,3000만원,25 한화 11라운드 102순위,
한화,65117,이상규,No. 18,1996년 10월 20일,투수(우투우타),185cm/77kg,흥인초-청원중-청원고-LG,4000만원,4800만원,15 LG 2차 7라운드 70순위,19LG
한화,52704,이상혁,No. 9,2001년 09월 14일,외야수(우투좌타),174cm/65kg,수원영화초(군포시리틀)-수원북중-장안고-강릉영동대,,3500만원,22 한화 육성선수,23한화
한화,55712,이승현,No. 60,2002년 07월 23일,내야수(우투좌타),172cm/77kg,부천상인초(원미구리틀)-부천중-포항제철고-성균관대,,3000만원,25 한화 육성선수,25한화
한화,68700,이원석,No. 50,1999년 03월 31일,외야수(우투우타),177cm/80kg,화곡초-충암중-충암고,8000만원,5000만원,18 한화 2차 4라운드 34순위,19한화
한화,76812,이재원,No. 20,1988년 02월 24일,포수(우투우타),185cm/98kg,인천숭의초-상인천중-인천고-SK-상무-SK-SSG,25000만원,10000만원,06 SK 1차,06SK
한화,66657,이진영,No. 10,1997년 07월 21일,외야수(우투우타),183cm/89kg,둔촌초-선린중-선린인터넷고-KIA-경찰-KIA,5000만원,6200만원,16 KIA 2차 6라운드 58순위,16KIA
한화,60768,이태양,No. 46,1990년 07월 03일,투수(우투좌타),192cm/97kg,여수서초-여수중-효천고-한화-SK-SSG,7000만원,27000만원,10 한화 5라운드 36순위,10한화
한화,50704,임종찬,No. 24,2001년 09월 28일,외야수(우투좌타),184cm/85kg,청주우암초-청주중-북일고,9000만원,3700만원,20 한화 2차 3라운드 28순위,20한화
한화,51762,장규현,No. 32,2002년 06월 28일,포수(우투좌타),183cm/96kg,인성초(미추홀구리틀)-동인천중-인천고-한화-상무,7000만원,3300만원,21 한화 2차 4라운드 32순위,21한화
한화,79764,장민재,No. 36,1990년 03월 19일,투수(우투우타),184cm/106kg,광주화정초-무등중-광주제일고,8000만원,15000만원,09 한화 2차 3라운드 22순위,09한화
한화,77318,장시환,No. 28,1987년 11월 01일,투수(우투우타),184cm/97kg,태안초-태안중-북일고-현대-히어로즈-상무-히어로즈-KT-롯데,18000만원,15000만원,07 현대 2차 1라운드 2순위,07현대
한화,69645,장지수,No. 40,2000년 05월 25일,투수(우투우타),179cm/80kg,사당초-강남중-성남고-KIA-상무-KIA,10000만원,3400만원,19 KIA 2차 2라운드 20순위,19KIA
한화,51764,정민규,No. 65,2003년 01월 10일,내야수(우투우타),183cm/101kg,광일초(부산서구리틀)-경남중-부산고-한화-상무,15000만원,3100만원,21 한화 1차,21한화
한화,55743,정우주,No. 43,2006년 11월 07일,투수(우투우타),184cm/88kg,구남초(남양주리틀)-건대부중-전주고,50000만원,3000만원,25 한화 1라운드 2순위,25한화
한화,54768,조동욱,No. 68,2004년 11월 02일,투수(좌투좌타),190cm/82kg,소래초-영남중-장충고,15000만원,4000만원,24 한화 2라운드 11순위,24한화
한화,65707,주현상,No. 66,1992년 08월 10일,투수(우투우타),177cm/92kg,청주우암초-청주중-청주고-동아대,5000만원,25000만원,15 한화 2차 7라운드 64순위,15한화
한화,79192,채은성,No. 22,1990년 02월 06일,내야수(우투우타),186cm/92kg,순천북초-순천이수중-효천고-LG,,60000만원,09 LG 육성선수,14LG
한화,50707,최인호,No. 41,2000년 01월 30일,외야수(우투좌타),178cm/82kg,송정동초-광주동성중-포항제철고-한화-상무,6000만원,6800만원,20 한화 2차 6라운드 58순위,20한화
한화,78288,최재훈,No. 13,1989년 08월 27일,포수(우투우타),178cm/94kg,화곡초-덕수중-덕수고-(방송통신대)-두산-경찰-두산,,50000만원,08 두산 육성선수,08두산
한화,54710,최준서,No. 94,2000년 06월 29일,외야수(우투좌타),182cm/77kg,인천숭의초-율곡중-율곡고-동국대,6000만원,3000만원,24 한화 6라운드 51순위,25한화
한화,55730,폰세,No. 30,1994년 04월 25일,투수(우투우타),198cm/115kg,미국 California State(대),200000달러,800000달러,25 한화 자유선발,25한화
한화,55734,플로리얼,No.,1997년 11월 25일,외야수(우투좌타),185cm/88kg,도미니카-한화,50000달러,700000달러,25 한화 자유선발,25한화
한화,62700,하주석,No. 16,1994년 02월 25일,내야수(우투좌타),185cm/92kg,강남초-덕수중-신일고-한화-상무,30000만원,9000만원,12 한화 1라운드 1순위,12한화
한화,61666,한승혁,No. 26,1993년 01월 03일,투수(우투좌타),185cm/100kg,도신초-강남중-덕수고-(남부대)-KIA,18000만원,9400만원,11 KIA 1라운드 8순위,11KIA
한화,55767,한지윤,No. 67,2006년 04월 10일,포수(우투우타),188cm/98kg,가동초-휘문중-경기상고,11000만원,3000만원,25 한화 3라운드 22순위,25한화
한화,52764,허인서,No. 59,2003년 07월 11일,포수(우투우타),182cm/93kg,순천북초-여수중-효천고-한화-상무,11000만원,3100만원,22 한화 2차 2라운드 11순위,22한화
한화,54795,황영묵,No. 95,1999년 10월 16일,내야수(우투좌타),177cm/80kg,수진초-성일중-충훈고,8000만원,8300만원,24 한화 4라운드 31순위,24한화
한화,54729,황준서,No. 29,2005년 08월 22일,투수(좌투좌타),185cm/78kg,면일초(중랑구리틀)-상명중-장충고,35000만원,4500만원,24 한화 1라운드 1순위,24한화
SSG,51868,고명준,No. 18,2002년 07월 08일,내야수(우투우타),185cm/94kg,서원초-세광중-세광고-SK,9000만원,8000만원,21 SK 2차 2라운드 18순위,21SK
SSG,71837,김강민,No.,1982년 09월 13일,외야수(우투우타),182cm/87kg,본리초-대구중-경북고-SK-SSG-한화,11000만원,11000만원,01 SK 2차 2라운드 18순위,01SK
SSG,51867,김건우,No. 39,2002년 07월 12일,투수(좌투좌타),185cm/88kg,가현초(인천서구리틀)-동산중-제물포고-SK-SSG-상무,20000만원,3000만원,21 SK 1차,21SK
SSG,77829,김광현,No. 29,1988년 07월 22일,투수(좌투좌타),188cm/88kg,덕성초(안산리틀)-안산중앙중-안산공고-SK-세인트루이스,50000만원,300000만원,07 SK 1차,07SK
SSG,54810,김규민,No. 61,2002년 08월 23일,포수(우투좌타),180cm/94kg,동수원초(수원영통구리틀)-매향중-공주고-여주대,3000만원,3000만원,24 SSG 10라운드 100순위,25SSG
SSG,68043,김민,No. 41,1999년 04월 14일,투수(우투우타),185cm/88kg,인천숭의초-평촌중-유신고-KT-상무-KT,30000만원,11000만원,18 KT 1차,18KT
SSG,62864,김민식,No. 24,1989년 06월 28일,포수(우투좌타),180cm/80kg,양덕초-마산중-마산고-원광대-SK-상무-SK-KIA,14000만원,25000만원,12 SK 2라운드 11순위,12SK
SSG,50848,김성민,No. 56,2001년 04월 30일,투수(우투우타),184cm/88kg,서울학동초-자양중-경기고-SK,10000만원,3000만원,20 SK 2차 2라운드 20순위,20SK
SSG,62934,김성욱,No. 47,1993년 05월 01일,외야수(우투우타),181cm/83kg,광주서림초-충장중-진흥고-NC-상무-NC,7000만원,10000만원,12 NC 3라운드 32순위,12NC
SSG,76802,김성현,No. 6,1987년 03월 09일,내야수(우투우타),172cm/72kg,송정동초-충장중-광주제일고-SK-상무-SK,7000만원,15000만원,06 SK 2차 3라운드 20순위,06SK
SSG,67900,김수윤,No. 4,1998년 07월 16일,내야수(우투우타),180cm/83kg,김해삼성초-개성중-부산고-NC,4000만원,3200만원,17 NC 2차 7라운드 68순위,17NC
SSG,66917,김찬형,No. 5,1997년 12월 29일,내야수(우투우타),182cm/83kg,양정초-경남중-경남고-NC-SSG-상무,5000만원,3200만원,16 NC 2차 6라운드 53순위,16NC
SSG,69825,김창평,No. 64,2000년 06월 14일,외야수(우투좌타),185cm/85kg,학강초-무등중-광주제일고-SK,15000만원,3100만원,19 SK 2차 1라운드 6순위,19SK
SSG,52803,김태윤,No. 36,2003년 02월 28일,내야수(우투좌타),170cm/65kg,창우초(하남시리틀)-배명중-배명고,4000만원,3100만원,22 SSG 2차 7라운드 62순위,25SSG
SSG,65343,김택형,No. 43,1996년 10월 10일,투수(좌투좌타),185cm/90kg,창영초-재능중-동산고-히어로즈-SK-SSG-상무,10000만원,20500만원,15 넥센 2차 2라운드 18순위,15넥센
SSG,73211,노경은,No. 38,1984년 03월 11일,투수(우투우타),187cm/100kg,화곡초-성남중-성남고-두산-롯데,35000만원,40000만원,03 두산 1차,03두산
SSG,50868,류효승,No. 45,1996년 07월 16일,외야수(우투우타),190cm/100kg,칠성초-경상중-대구상원고-성균관대-SK,5000만원,3100만원,20 SK 2차 6라운드 60순위,20SK
SSG,55844,맥브룸,No.,1992년 04월 09일,외야수(좌투우타),190cm/99kg,미국 West Virginia(대)-SSG,,75000달러,25 SSG 부상 대체 외국인선수,25SSG
SSG,62869,문승원,No. 42,1989년 11월 28일,투수(우투우타),180cm/88kg,가동초-배명중-배명고-고려대-SK-상무-SK,18000만원,80000만원,12 SK 1라운드 8순위,12SK
SSG,54802,박기호,No. 66,2005년 07월 26일,투수(우투우타),184cm/80kg,샛별초(청주시리틀)-현도중-청주고,9000만원,3000만원,24 SSG 3라운드 30순위,24SSG
SSG,64944,박대온,No.,1995년 08월 28일,포수(우투우타),182cm/85kg,서울도곡초-서울이수중-휘문고-NC-SSG,10000만원,,14 NC 2차 2라운드 25순위,14NC
SSG,54807,박성빈,No. 00,2003년 12월 29일,투수(우투우타),187cm/92kg,서울도곡초(강남구리틀)-대치중-휘문고-사이버한국외대(얼리 드래프트),5000만원,3100만원,24 SSG 7라운드 70순위,24SSG
SSG,67893,박성한,No. 2,1998년 03월 30일,내야수(우투좌타),180cm/77kg,순천북초-여수중-효천고-SK-상무-SK,9000만원,37000만원,17 SK 2차 2라운드 16순위,17SK
SSG,50812,박시후,No. 57,2001년 05월 10일,투수(좌투좌타),182cm/88kg,상인천초-상인천중-인천고-SK,2000만원,3100만원,20 SK 2차 10라운드 100순위,22SSG
SSG,51860,박정빈,No. 58,2002년 06월 14일,외야수(우투우타),182cm/80kg,효제초-청량중-경기고,5000만원,3000만원,21 SK 2차 5라운드 48순위,25SSG
SSG,60841,박종훈,No. 50,1991년 08월 13일,투수(우언우타),186cm/90kg,군산중앙초-군산중-군산상고-SK-상무-SK,10000만원,110000만원,10 SK 2라운드 9순위,10SK
SSG,54805,박지환,No. 1,2005년 07월 12일,내야수(우투우타),183cm/75kg,군산남초-군산중-세광고,20000만원,6200만원,24 SSG 1라운드 10순위,24SSG
SSG,69839,백승건,No. 11,2000년 10월 29일,투수(좌투좌타),183cm/85kg,동막초-상인천중-인천고-SK-상무,10000만원,3200만원,19 SK 1차,19SK
SSG,61895,서진용,No. 22,1992년 10월 02일,투수(우투우타),184cm/88kg,남부민초-대동중-경남고-상무-SK,,38000만원,11 SK 1라운드 7순위,13상무
SSG,52804,석정우,No. 52,1999년 01월 20일,내야수(우투우타),180cm/82kg,동일중앙초-경남중-경남고-연세대,,3100만원,22 SSG 육성선수,22SSG
SSG,53898,송영진,No. 28,2004년 05월 28일,투수(우투양타),185cm/90kg,대전유천초-한밭중-대전고,15000만원,5500만원,23 SSG 2라운드 15순위,23SSG
SSG,66662,신범수,No. 25,1998년 01월 25일,포수(우투좌타),177cm/83kg,광주대성초-광주동성중-광주동성고-KIA,4000만원,3200만원,16 KIA 2차 8라운드 78순위,16KIA
SSG,55860,신지환,No. 60,2006년 04월 17일,투수(좌투좌타),180cm/81kg,강남초-성남중-성남고,12000만원,3000만원,25 SSG 2라운드 18순위,25SSG
SSG,66864,안상현,No. 10,1997년 01월 27일,내야수(우투우타),178cm/74kg,사파초-선린중-용마고-SK-상무,8000만원,3200만원,16 SK 2차 3라운드 26순위,16SK
SSG,54833,앤더슨,No. 33,1994년 03월 22일,투수(우투우타),194cm/83kg,미국 Galena(고),,1150000달러,24 SSG 자유선발,24SSG
SSG,53827,에레디아,No. 27,1991년 01월 31일,외야수(좌투우타),178cm/88kg,쿠바 Eide Luis Agusto Tursios Lima,,1600000달러,23 SSG 자유선발,23SSG
SSG,60558,오태곤,No. 37,1991년 11월 18일,외야수(우투우타),186cm/88kg,쌍문초-신월중-청원고-롯데-경찰-롯데-KT-SK,9000만원,15000만원,10 롯데 3라운드 22순위,10롯데
SSG,64861,이건욱,No. 16,1995년 02월 13일,투수(우투우타),182cm/85kg,신도초-동산중-동산고-SK,20000만원,3200만원,14 SK 1차,14SK
SSG,53892,이로운,No. 92,2004년 09월 11일,투수(우투우타),185cm/105kg,본리초-경복중-대구고,25000만원,7400만원,23 SSG 1라운드 5순위,23SSG
SSG,54806,이승민,No. 9,2005년 01월 06일,외야수(좌투좌타),187cm/90kg,서울도곡초-휘문중-휘문고,13000만원,3000만원,24 SSG 2라운드 20순위,24SSG
SSG,55832,이율예,No. 32,2006년 11월 21일,포수(우투우타),183cm/90kg,중리초(함안리틀)-원동중-강릉고,22000만원,3000만원,25 SSG 1라운드 8순위,25SSG
SSG,67807,이정범,No. 31,1998년 04월 10일,외야수(좌투좌타),178cm/88kg,인천숭의초-동인천중-인천고,6000만원,3200만원,17 SK 2차 5라운드 46순위,21SSG
SSG,79456,이지영,No. 59,1986년 02월 27일,포수(우투우타),177cm/88kg,서화초-인천신흥중-제물포고-경성대-삼성-상무-삼성-키움,,15000만원,08 삼성 육성선수,09삼성
SSG,52807,임근우,No. 68,1999년 07월 22일,외야수(우투우타),180cm/88kg,서울도곡초-휘문중-휘문고-홍익대,,3000만원,22 SSG 육성선수,25SSG
SSG,51895,장지훈,No. 21,1998년 12월 06일,투수(우투우타),177cm/78kg,김해삼성초-내동중-김해고-동의대-SK-SSG-상무,6000만원,13000만원,21 SK 2차 4라운드 38순위,21SK
SSG,52809,전영준,No. 65,2002년 04월 16일,투수(우투우타),190cm/100kg,부곡초-휘문중-대구고-SSG-상무,3000만원,3200만원,22 SSG 2차 9라운드 82순위,22SSG
SSG,66858,정동윤,No. 51,1997년 10월 22일,투수(우투좌타),193cm/103kg,덕성초(안산리틀)-중앙중-야탑고-SK-상무-SK,20000만원,3000만원,16 SK 1차,16SK
SSG,54812,정준재,No. 3,2003년 01월 03일,내야수(우투좌타),165cm/68kg,상인천초-동인천중-강릉고-동국대(얼리 드래프트),6000만원,7500만원,24 SSG 5라운드 50순위,24SSG
SSG,51897,조병현,No. 19,2002년 05월 08일,투수(우투우타),182cm/90kg,온양온천초-온양중-세광고-SK-SSG-상무,7000만원,13500만원,21 SK 2차 3라운드 28순위,21SK
SSG,51865,조형우,No. 20,2002년 04월 04일,포수(우투우타),187cm/95kg,송정동초-무등중-광주제일고-SK,13000만원,4000만원,21 SK 2차 1라운드 8순위,21SK
SSG,69804,채현우,No. 15,1995년 11월 21일,외야수(우투우타),182cm/80kg,칠성초-경복중-대구상원고-송원대-SK,3000만원,3000만원,19 SK 2차 8라운드 76순위,19SK
SSG,55890,천범석,No. 90,2006년 03월 06일,투수(우투우타),183cm/86kg,과천문원초(안양시리틀)-수원북중-강릉고,8000만원,3000만원,25 SSG 4라운드 38순위,25SSG
SSG,68856,최민준,No. 30,1999년 06월 11일,투수(우투우타),178cm/83kg,부산수영초-경남중-경남고-SK-상무-SK,10000만원,10000만원,18 SK 2차 2라운드 15순위,18SK
SSG,65157,최민창,No.,1996년 04월 16일,외야수(좌투좌타),179cm/76kg,강남초-선린중-신일고-LG-SSG,10000만원,3000만원,15 LG 2차 2라운드 17순위,15LG
SSG,68805,최상민,No.,1999년 08월 20일,외야수(좌투좌타),178cm/75kg,석교초-청주중-북일고-SSG,,3200만원,18 SK 육성선수,22SSG
SSG,55894,최윤석,No. 94,2006년 04월 25일,내야수(우투우타),187cm/93kg,진북초(전주시비전리틀)-전라중-전주고,6000만원,3000만원,25 SSG 6라운드 58순위,25SSG
SSG,75847,최정,No. 14,1987년 02월 28일,내야수(우투우타),180cm/90kg,대일초-평촌중-유신고-SK,30000만원,170000만원,05 SK 1차,05SK
SSG,68868,최준우,No. 7,1999년 03월 25일,내야수(우투좌타),176cm/78kg,방배초-대치중-장충고-SK-상무,7000만원,3200만원,18 SK 2차 4라운드 35순위,18SK
SSG,50854,최지훈,No. 54,1997년 07월 23일,외야수(우투좌타),178cm/82kg,광주수창초-무등중-광주제일고-동국대-SK,8000만원,30000만원,20 SK 2차 3라운드 30순위,20SK
SSG,54803,최현석,No. 40,2003년 10월 16일,투수(우투우타),185cm/90kg,서흥초-동산중-동산고-부산과학기술대,7000만원,3000만원,24 SSG 4라운드 40순위,24SSG
SSG,69813,하재훈,No. 13,1990년 10월 29일,외야수(우투우타),182cm/90kg,양덕초-마산동중-용마고-SK,,9000만원,19 SK 2차 2라운드 16순위,09시카고컵스
SSG,68092,한두솔,No. 34,1997년 01월 15일,투수(좌투좌타),177cm/86kg,광주수창초-진흥중-광주제일고-일본 오사카 리세이샤 전문대학-KT,,8000만원,18 KT 육성선수,18KT
SSG,62895,한유섬,No. 35,1989년 08월 09일,외야수(우투좌타),190cm/105kg,중앙초(해운대리틀)-대천중-경남고-경성대-SK-상무-SK,3000만원,90000만원,12 SK 9라운드 85순위,12SK
SSG,50840,현원회,No. 8,2001년 07월 08일,내야수(우투우타),180cm/95kg,가동초-경상중-대구고-SK,7000만원,3000만원,20 SK 2차 4라운드 40순위,20SK
SSG,55897,홍대인,No. 97,2001년 11월 23일,내야수(우투좌타),174cm/76kg,서원초-세광중-세광고-사이버한국외대(얼리 드래프트),3000만원,3000만원,25 SSG 9라운드 88순위,25SSG
SSG,55855,화이트,No. 55,1994년 12월 28일,투수(우투우타),190cm/95kg,미국 Santa Clara(대),,1000000달러,25 SSG 자유선발,25SSG
삼성,55460,가라비토,No. 60,1995년 08월 19일,투수(우투우타),183cm/100kg,도미니카 Liceo Enedina Puella Renville (고),200000달러,356666달러,25 삼성 자유선발,25삼성
삼성,74540,강민호,No. 47,1985년 08월 18일,포수(우투우타),185cm/100kg,제주신광초-포철중-포철공고-(국제디지털대)-롯데,9000만원,40000만원,04 롯데 2차 3라운드 17순위,04롯데
삼성,64610,강한울,No. 6,1991년 09월 12일,내야수(우투좌타),181cm/66kg,사당초-중앙중-안산공고-원광대-KIA-삼성-상무,14000만원,7000만원,14 KIA 2차 1라운드 5순위,14KIA
삼성,68407,공민규,No. 9,1999년 09월 27일,내야수(우투좌타),183cm/85kg,서화초-동산중-인천고-삼성-상무,4000만원,4300만원,18 삼성 2차 8라운드 72순위,19삼성
삼성,62404,구자욱,No. 5,1993년 02월 12일,외야수(우투좌타),189cm/75kg,본리초-경복중-대구고-삼성-상무,13000만원,200000만원,12 삼성 2라운드 12순위,12삼성
삼성,55441,권현우,No. 41,2006년 03월 28일,투수(우투우타),190cm/93kg,광주서림초-충장중-광주제일고,8000만원,3000만원,25 삼성 5라운드 43순위,25삼성
삼성,61365,김대우,No. 17,1988년 11월 21일,투수(우언우타),183cm/85kg,역삼초-대치중-서울고-홍익대-히어로즈-상무-히어로즈,2000만원,10000만원,11 넥센 9라운드 67순위,11넥센
삼성,54401,김대호,No. 44,2001년 10월 15일,투수(우투우타),185cm/100kg,제주신광초-이평중-군산상고-고려대,,3300만원,24 삼성 육성선수,24삼성
삼성,69442,김도환,No. 24,2000년 04월 14일,포수(우투우타),178cm/90kg,언북초(의정부리틀)-영동중-신일고-삼성-상무,11000만원,4700만원,19 삼성 2차 2라운드 12순위,19삼성
삼성,68403,김무신,No. 48,1999년 12월 08일,투수(우투우타),185cm/95kg,온양온천초-온양중-북일고-(대구대)-삼성-상무,5000만원,7000만원,18 삼성 2차 6라운드 52순위,19삼성
삼성,64793,김민수,No. 12,1991년 03월 02일,포수(우투우타),177cm/80kg,대구옥산초-경복중-대구상원고-영남대-한화-상무,11000만원,4600만원,14 한화 2차 2라운드 24순위,14한화
삼성,67449,김성윤,No. 39,1999년 02월 02일,외야수(좌투좌타),163cm/62kg,창신초(부산진구리틀)-원동중-포항제철고,7000만원,7000만원,17 삼성 2차 4라운드 39순위,17삼성
삼성,52430,김영웅,No. 30,2003년 08월 24일,내야수(우투좌타),183cm/81kg,공주중동초-야로중-물금고,17000만원,15000만원,22 삼성 2차 1라운드 3순위,22삼성
삼성,65132,김재성,No. 2,1996년 10월 30일,포수(우투좌타),185cm/85kg,신광초-성남중-덕수고-LG-경찰-LG,20000만원,5500만원,15 LG 1차,15LG
삼성,65062,김재윤,No. 62,1990년 09월 16일,투수(우투우타),185cm/91kg,서울도곡초-휘문중-휘문고-KT,,80000만원,15 KT 2차 특별 13순위,09애리조나
삼성,52424,김재혁,No. 8,1999년 12월 26일,외야수(우투우타),182cm/85kg,제주남초-제주제일중-제주고-동아대-삼성-상무,11000만원,3500만원,22 삼성 2차 2라운드 13순위,22삼성
삼성,50458,김지찬,No. 58,2001년 03월 08일,외야수(우투좌타),163cm/64kg,백사초(이천시리틀)-모가중-라온고,11000만원,28000만원,20 삼성 2차 2라운드 15순위,20삼성
삼성,69207,김태근,No. 64,1996년 08월 10일,외야수(우투우타),175cm/74kg,광진초(광진구리틀)-건대부중-배명고-건국대-두산-상무,6000만원,4500만원,19 두산 2차 5라운드 49순위,19두산
삼성,62360,김태훈,No. 27,1992년 03월 02일,투수(우투우타),187cm/101kg,남부민초-대신중-부경고-히어로즈-경찰-히어로즈-키움,2000만원,24000만원,12 넥센 9라운드 79순위,12넥센
삼성,65040,김태훈,No. 25,1996년 03월 31일,외야수(우투좌타),177cm/78kg,진흥초(안산리틀)-평촌중-유신고-KT,6000만원,4500만원,15 KT 2차 5라운드 53순위,15KT
삼성,61404,김헌곤,No. 32,1988년 11월 09일,외야수(우투우타),174cm/81kg,회원초-경복중-제주관광고-영남대-삼성-상무,7000만원,10000만원,11 삼성 5라운드 36순위,11삼성
삼성,54400,디아즈,No. 0,1996년 11월 19일,내야수(좌투좌타),188cm/105kg,도미니카 Daniel Smith(고),,500000달러,24 삼성 자유선발,24삼성
삼성,54443,레예스,No.,1996년 11월 02일,투수(우투우타),198cm/113kg,도미니카 Melida Altagracia Baez(고)-삼성,100000달러,700000달러,24 삼성 자유선발,24삼성
삼성,62234,류지혁,No. 16,1994년 01월 13일,내야수(우투좌타),181cm/75kg,청원초-선린중-충암고-두산-상무-두산-KIA,7000만원,60000만원,12 두산 4라운드 36순위,12두산
삼성,75125,박병호,No. 52,1986년 07월 10일,내야수(우투우타),185cm/107kg,영일초(광명리틀)-영남중-성남고-상무-LG-히어로즈-미네소타-넥센-키움-KT,33000만원,38000만원,05 LG 1차,05LG
삼성,69418,박승규,No. 66,2000년 09월 02일,외야수(우투우타),178cm/80kg,일산초-덕수중-경기고-삼성-상무,3000만원,5200만원,19 삼성 2차 9라운드 82순위,19삼성
삼성,53411,박진우,No. 67,2003년 10월 14일,포수(우투우타),176cm/87kg,글꽃초(대전중구리틀)-현도중-청주고,3000만원,3100만원,23 삼성 11라운드 108순위,25삼성
삼성,55455,배찬승,No. 55,2006년 01월 01일,투수(좌투좌타),180cm/85kg,대구옥산초-협성경복중-대구고,40000만원,3000만원,25 삼성 1라운드 3순위,25삼성
삼성,77446,백정현,No. 29,1987년 07월 13일,투수(좌투좌타),184cm/80kg,대구옥산초-대구중-대구상원고,15000만원,40000만원,07 삼성 2차 1라운드 8순위,07삼성
삼성,73801,송은범,No. 46,1984년 03월 17일,투수(우투우타),182cm/93kg,서흥초-동산중-동산고-SK-KIA-한화-LG,40000만원,6000만원,03 SK 1차,03SK
삼성,55438,심재훈,No. 38,2006년 03월 03일,내야수(우투우타),180cm/80kg,삼일초-평촌중-유신고,16000만원,3000만원,25 삼성 2라운드 13순위,25삼성
삼성,66406,안주형,No. 14,1993년 08월 14일,내야수(우투좌타),176cm/68kg,부산중앙초-부산중-부경고-영남대,,7000만원,16 삼성 육성선수,17삼성
삼성,54408,양도근,No. 68,2003년 02월 06일,내야수(우투우타),173cm/72kg,인천동막초-상인천중-장안고-강릉영동대,,3500만원,24 삼성 육성선수,24삼성
삼성,69403,양우현,No. 53,2000년 04월 13일,내야수(우투좌타),175cm/82kg,남정초-충암중-충암고,8000만원,4000만원,19 삼성 2차 3라운드 22순위,19삼성
삼성,68415,양창섭,No. 42,1999년 09월 22일,투수(우투우타),182cm/85kg,녹천초(노원구리틀)-청량중-덕수고,26000만원,4800만원,18 삼성 2차 1라운드 2순위,18삼성
삼성,61268,양현,No. 19,1992년 08월 23일,투수(우언우타),189cm/104kg,영랑초-한밭중-대전고-두산-상무-히어로즈-키움,3000만원,7000만원,11 두산 10라운드 73순위,11두산
삼성,75421,오승환,No. 21,1982년 07월 15일,투수(우투우타),178cm/93kg,도신초-우신중-경기고-단국대-삼성-한신-세인트루이스-토론토-콜로라도,18000만원,80000만원,05 삼성 2차 1라운드 5순위,05삼성
삼성,69446,원태인,No. 18,2000년 04월 06일,투수(우투우타),183cm/92kg,율하초(중구리틀)-경복중-경북고,35000만원,63000만원,19 삼성 1차,19삼성
삼성,54404,육선엽,No. 4,2005년 07월 13일,투수(우투우타),190cm/90kg,백마초-서울신월중-장충고,25000만원,3500만원,24 삼성 1라운드 4순위,24삼성
삼성,68463,윤정빈,No. 31,1999년 06월 24일,외야수(우투좌타),182cm/93kg,신도초-부천중-부천고-삼성-상무,7000만원,7400만원,18 삼성 2차 5라운드 42순위,18삼성
삼성,69428,이병헌,No. 23,1999년 10월 26일,포수(우투우타),180cm/87kg,인천숭의초-인천신흥중-제물포고,8000만원,6500만원,19 삼성 2차 4라운드 32순위,19삼성
삼성,63960,이상민,No. 15,1990년 11월 04일,투수(좌투좌타),180cm/85kg,남도초(수성리틀)-대구중-경북고-동의대-NC-히어로즈-경찰-히어로즈-키움,4000만원,8500만원,13 NC 7라운드 66순위,13NC
삼성,66409,이성규,No. 13,1993년 08월 03일,외야수(우투우타),178cm/82kg,광주대성초-광주동성중-광주동성고-인하대-삼성-경찰,8000만원,13000만원,16 삼성 2차 4라운드 31순위,16삼성
삼성,50464,이승민,No. 28,2000년 08월 26일,투수(좌투좌타),174cm/79kg,본리초-경상중-대구고-삼성-상무,7000만원,5000만원,20 삼성 2차 4라운드 35순위,20삼성
삼성,51454,이승현,No. 57,2002년 05월 19일,투수(좌투좌타),183cm/102kg,남도초-경복중-대구상원고,35000만원,12000만원,21 삼성 1차,21삼성
삼성,60146,이승현,No. 20,1991년 11월 20일,투수(우투우타),181cm/92kg,화순초-진흥중-화순고-LG,10000만원,24000만원,10 LG 2라운드 16순위,10LG
삼성,63492,이재익,No. 26,1994년 03월 18일,투수(좌투좌타),180cm/76kg,삼일초-중앙중-유신고,4000만원,6200만원,13 삼성 8라운드 68순위,20삼성
삼성,52415,이재현,No. 7,2003년 02월 04일,내야수(우투우타),180cm/82kg,서울이수초-선린중-서울고,22000만원,21000만원,22 삼성 1차,22삼성
삼성,51460,이재희,No. 59,2001년 10월 11일,투수(우투좌타),187cm/100kg,대전신흥초-한밭중-대전고-삼성-상무,15000만원,3600만원,21 삼성 2차 1라운드 3순위,21삼성
삼성,51407,이창용,No. 50,1999년 06월 03일,내야수(우투우타),184cm/89kg,을지초(노원구리틀)-청량중-신흥고-강릉영동대,4000만원,3300만원,21 삼성 2차 8라운드 73순위,24삼성
삼성,69416,이해승,No. 56,2000년 08월 01일,내야수(우투우타),180cm/86kg,인천서림초-신흥중-인천고-삼성-상무,4000만원,4200만원,19 삼성 2차 8라운드 72순위,22삼성
삼성,53455,이호성,No. 1,2004년 08월 14일,투수(우투우타),184cm/87kg,도원초(부천소사리틀)-동인천중-인천고,20000만원,4000만원,23 삼성 1라운드 8순위,23삼성
삼성,78352,임창민,No. 45,1985년 08월 25일,투수(우투우타),183cm/94kg,광주대성초-광주동성중-광주동성고-연세대-히어로즈-경찰-히어로즈-NC-두산,7000만원,20000만원,08 현대 2차 2라운드 11순위,08우리
삼성,65586,전병우,No. 34,1992년 10월 24일,내야수(우투우타),182cm/93kg,동삼초-경남중-개성고-동아대-롯데-키움,9000만원,7500만원,15 롯데 2차 3라운드 28순위,18롯데
삼성,54467,정민성,No. 49,2005년 05월 09일,투수(우투우타),184cm/98kg,군산중앙초-군산중-군산상일고,8000만원,3000만원,24 삼성 4라운드 34순위,24삼성
삼성,55435,차승준,No. 35,2006년 11월 20일,내야수(우투좌타),181cm/88kg,무학초-창원신월중-용마고,12000만원,3000만원,25 삼성 3라운드 23순위,25삼성
삼성,62146,최성훈,No. 54,1989년 10월 11일,투수(좌투좌타),178cm/75kg,가동초-잠신중-경기고-경희대-LG,11000만원,7800만원,12 LG 2라운드 16순위,12LG
삼성,65320,최원태,No. 3,1997년 01월 07일,투수(우투우타),184cm/104kg,인헌초(용산구리틀)-서울경원중-서울고-히어로즈-키움-LG,35000만원,20000만원,15 넥센 1차,15넥센
삼성,67421,최지광,No. 11,1998년 03월 13일,투수(우투우타),173cm/85kg,감천초-대신중-부산고-삼성-상무,13000만원,17000만원,17 삼성 2차 1라운드 9순위,17삼성
삼성,66451,최충연,No. 51,1997년 03월 05일,투수(우투우타),190cm/85kg,대구수창초-대구중-경북고,28000만원,4500만원,16 삼성 1차,16삼성
삼성,68501,최하늘,No. 37,1999년 03월 26일,투수(우언우타),190cm/99kg,서울학동초-자양중-경기고-롯데-상무,5000만원,6000만원,18 롯데 2차 7라운드 63순위,19롯데
삼성,55440,함수호,No. 40,2006년 03월 10일,외야수(좌투좌타),181cm/88kg,구미인동초(구미시리틀)-협성경복중-대구상원고,9000만원,3000만원,25 삼성 4라운드 33순위,25삼성
삼성,50430,홍원표,No. 65,2001년 03월 27일,투수(우투우타),183cm/86kg,신도초-부천중-부천고,8000만원,3550만원,20 삼성 2차 3라운드 25순위,20삼성
삼성,67005,홍현빈,No. 63,1997년 08월 29일,외야수(우투좌타),174cm/70kg,수원신곡초-매송중-유신고-KT-상무,9000만원,4500만원,17 KT 2차 3라운드 21순위,17KT
삼성,50441,황동재,No. 61,2001년 11월 03일,투수(우투우타),191cm/97kg,율하초-경운중-경북고,23000만원,6200만원,20 삼성 1차,20삼성
삼성,53375,후라도,No. 75,1996년 01월 30일,투수(우투우타),188cm/109kg,파나마 San Judas Tadeo(고)-키움,,700000달러,23 키움 자유선발,23키움
KT,53006,강건,No. 99,2004년 07월 12일,투수(우투우타),183cm/85kg,원일초(영통구리틀)-매향중-장안고,3000만원,3500만원,23 KT 11라운드 110순위,23KT
KT,69064,강민성,No. 5,1999년 12월 08일,내야수(우투우타),180cm/85kg,대구옥산초-경상중-경북고,6000만원,3700만원,19 KT 2차 6라운드 51순위,23KT
KT,68050,강백호,No. 50,1999년 07월 29일,포수(우투좌타),184cm/98kg,부천북초-서울이수중-서울고,45000만원,70000만원,18 KT 2차 1라운드 1순위,18KT
KT,50066,강현우,No. 55,2001년 04월 13일,포수(우투우타),180cm/90kg,원종초(부천시리틀)-부천중-유신고,15000만원,5000만원,20 KT 2차 1라운드 2순위,20KT
KT,64001,고영표,No. 1,1991년 09월 16일,투수(우언우타),187cm/88kg,광주대성초-광주동성중-화순고-동국대,13000만원,200000만원,14 KT 2차 1라운드 10순위,14KT
KT,51003,권동진,No. 52,1998년 09월 12일,내야수(우투좌타),178cm/83kg,제주신광초-세광중-세광고-원광대-KT-상무,15000만원,4600만원,21 KT 2차 1라운드 5순위,21KT
KT,51005,김건형,No. 0,1996년 07월 12일,외야수(우투좌타),182cm/83kg,먼우금초-Lesbois(중)-Timberline(고)-Boise State(대),4000만원,3300만원,21 KT 2차 8라운드 75순위,21KT
KT,55040,김동현,No. 40,2006년 01월 21일,투수(우투우타),193cm/97kg,신천초(고양덕양구리틀)-잠신중-서울고,20000만원,3000만원,25 KT 1라운드 9순위,25KT
KT,54097,김민석,No. 97,2005년 07월 22일,포수(우투우타),181cm/93kg,창영초-동인천중-제물포고,3000만원,3000만원,24 KT 10라운드 97순위,24KT
KT,65048,김민수,No. 26,1992년 07월 24일,투수(우투우타),188cm/80kg,청원초-청원중-청원고-성균관대-KT-상무,11000만원,21000만원,15 KT 2차 특별 11순위,15KT
KT,64004,김민혁,No. 53,1995년 11월 21일,외야수(우투좌타),181cm/71kg,광주서석초-배재중-배재고-KT-상무,6000만원,30000만원,14 KT 2차 6라운드 56순위,14KT
KT,52002,김병준,No. 57,2003년 07월 03일,외야수(우투좌타),175cm/80kg,창촌초(안산리틀)-안산중앙중-유신고,3000만원,3600만원,22 KT 2차 9라운드 88순위,23KT
KT,79402,김상수,No. 7,1990년 03월 23일,내야수(우투우타),175cm/68kg,대구옥산초-경복중-경북고-삼성,28000만원,30000만원,09 삼성 1차,09삼성
KT,55043,김재원,No. 43,2006년 08월 21일,투수(우투우타),190cm/90kg,서울청구초-홍은중-장충고,10000만원,3000만원,25 KT 3라운드 29순위,25KT
KT,51299,김주완,No. 98,1999년 10월 07일,투수(좌투좌타),180cm/77kg,송정동초-무등중-청담고-동강대-두산,3000만원,3000만원,21 두산 2차 9라운드 90순위,24KT
KT,67025,로하스,No.,1990년 05월 24일,외야수(우투양타),189cm/102kg,미국 Wabash Valley(대)-KT,100000달러,1500000달러,17 KT 자유선발,17KT
KT,64007,문상철,No. 24,1991년 04월 06일,내야수(우투우타),184cm/85kg,중대초-잠신중-배명고-고려대-KT-상무,13000만원,17000만원,14 KT 2차 특별 11순위,14KT
KT,67419,문용익,No. 18,1995년 02월 04일,투수(우투우타),178cm/93kg,덕양초-양천중-청원고-세계사이버대-삼성,5000만원,5800만원,17 삼성 2차 6라운드 59순위,19삼성
KT,55046,박건우,No. 46,2006년 11월 28일,투수(우투우타),182cm/95kg,서울행당초(성동구유소년야구단)-충암중-충암고,12000만원,3000만원,25 KT 2라운드 19순위,25KT
KT,55004,박민석,No. 104,2006년 07월 27일,외야수(우투우타),178cm/83kg,남정초-건대부중-덕수고,7000만원,3000만원,25 KT 5라운드 49순위,25KT
KT,69056,박민석,No. 2,2000년 04월 13일,내야수(우투우타),180cm/77kg,성동초-덕수중-장충고,7000만원,3400만원,19 KT 2차 5라운드 41순위,19KT
KT,52060,박영현,No. 60,2003년 10월 11일,투수(우투우타),183cm/91kg,부천북초-부천중-유신고,30000만원,24000만원,22 KT 1차,22KT
KT,64166,배정대,No. 27,1995년 06월 12일,외야수(우투우타),185cm/80kg,도신초-성남중-성남고-(디지털문예대)-LG-KT-경찰,15000만원,34000만원,14 LG 2차 1라운드 3순위,14LG
KT,65516,배제성,No. 19,1996년 09월 29일,투수(우투좌타),190cm/90kg,백마초-성남중-성남고-롯데-KT-상무,3000만원,20000만원,15 롯데 2차 9라운드 88순위,15롯데
KT,50109,성재헌,No. 15,1997년 12월 22일,투수(좌투좌타),175cm/82kg,도신초-성남중-성남고-연세대-LG,4000만원,3600만원,20 LG 2차 8라운드 73순위,20LG
KT,50030,소형준,No. 30,2001년 09월 16일,투수(우투우타),189cm/92kg,호암초(의정부리틀)-구리인창중-유신고,36000만원,22000만원,20 KT 1차,20KT
KT,69041,손동현,No. 41,2001년 01월 23일,투수(우투우타),183cm/88kg,염창초(강서구리틀)-덕수중-성남고-KT-상무,9000만원,10000만원,19 KT 2차 3라운드 21순위,19KT
KT,64012,송민섭,No. 28,1991년 08월 02일,외야수(우투우타),177cm/80kg,청파초(안산리틀)-선린중-선린인터넷고-단국대-KT-상무,,6000만원,14 KT 육성선수,15KT
KT,55013,스티븐슨,No. 3,1994년 06월 01일,외야수(좌투좌타),0cm/0kg,,,200000달러,25 KT 자유선발,25KT
KT,67006,안치영,No. 8,1998년 05월 29일,외야수(우투좌타),176cm/72kg,중동초(원미구리틀)-천안북중-북일고,6000만원,4500만원,17 KT 2차 6라운드 51순위,17KT
KT,52001,안현민,No. 23,2003년 08월 22일,외야수(우투우타),183cm/90kg,임호초(김해리틀)-개성중-마산고,7000만원,3300만원,22 KT 2차 4라운드 38순위,22KT
KT,55005,오서진,No. 25,2006년 02월 22일,내야수(우투우타),188cm/80kg,수원신곡초-수원북중-유신고,6000만원,3000만원,25 KT 6라운드 59순위,25KT
KT,50859,오원석,No. 47,2001년 04월 23일,투수(좌투좌타),182cm/80kg,수진초-매송중-야탑고-SK-SSG,20000만원,14000만원,20 SK 1차,20SK
KT,64504,오윤석,No. 4,1992년 02월 24일,내야수(우투우타),180cm/87kg,화중초-자양중-경기고-연세대-롯데-상무-롯데,,16000만원,14 롯데 육성선수,15롯데
KT,75334,오재일,No. 36,1986년 10월 29일,내야수(좌투좌타),187cm/95kg,인창초(구리리틀)-구리인창중-야탑고-현대-상무-히어로즈-두산-삼성,8000만원,15000만원,05 현대 2차 3라운드 24순위,05현대
KT,73117,우규민,No. 12,1985년 01월 21일,투수(우언우타),184cm/75kg,성동초-휘문중-휘문고-LG-경찰-LG-삼성,12000만원,20000만원,03 LG 2차 3라운드 19순위,03LG
KT,54063,원상현,No. 63,2004년 10월 16일,투수(우투우타),183cm/83kg,가산초(부산진구리틀)-개성중-부산고,23000만원,4000만원,24 KT 1라운드 7순위,24KT
KT,51013,유준규,No. 67,2002년 08월 16일,외야수(우투좌타),176cm/69kg,군산신풍초-군산중-군산상고,8000만원,3000만원,21 KT 2차 3라운드 25순위,21KT
KT,54064,육청명,No.,2005년 07월 18일,투수(우투우타),186cm/90kg,강남초-선린중-강릉고,13000만원,3500만원,24 KT 2라운드 17순위,24KT
KT,50092,윤준혁,No. 35,2001년 07월 26일,내야수(우투우타),186cm/86kg,역촌초(은평구리틀)-충암중-충암고,8000만원,3500만원,20 KT 2차 4라운드 32순위,20KT
KT,69054,이상동,No. 37,1995년 11월 24일,투수(우투우타),181cm/88kg,대구옥산초-경복중-경북고-영남대,8000만원,5900만원,19 KT 2차 4라운드 31순위,19KT
KT,69068,이선우,No. 61,2000년 09월 19일,투수(우언우타),186cm/90kg,수진초-매송중-유신고,5000만원,3800만원,19 KT 2차 7라운드 61순위,19KT
KT,67048,이정현,No. 21,1997년 12월 05일,투수(우투우타),188cm/93kg,무학초-마산동중-용마고,16000만원,3500만원,17 KT 2차 1라운드 1순위,17KT
KT,67644,이정훈,No. 33,1994년 12월 07일,외야수(우투좌타),185cm/90kg,교문초-배재중-휘문고-경희대-KIA-상무-KIA-롯데,3000만원,6500만원,17 KIA 2차 10라운드 94순위,17KIA
KT,68896,이채호,No. 17,1998년 11월 23일,투수(우언우타),185cm/85kg,동광초(김해시리틀)-원동중-용마고-SK-SSG,5000만원,5000만원,18 SK 2차 6라운드 55순위,18SK
KT,69623,이태규,No. 45,2000년 02월 21일,투수(우투좌타),188cm/72kg,희망대초-매향중-장안고-KIA,8000만원,3000만원,19 KIA 2차 3라운드 30순위,23KIA
KT,54014,이현민,No. 49,2001년 10월 13일,투수(우투우타),185cm/86kg,방화초(김포중앙리틀)-원당중-구리인창고,,3000만원,24 KT 육성선수,24KT
KT,68504,이호연,No. 34,1995년 06월 03일,내야수(우투좌타),177cm/87kg,광주수창초-진흥중-광주제일고-성균관대-롯데,6000만원,7000만원,18 롯데 2차 6라운드 53순위,18롯데
KT,69113,임준형,No. 14,2000년 11월 16일,투수(좌투좌타),180cm/87kg,광주서석초-진흥중-진흥고-LG-상무-LG,4000만원,5500만원,19 LG 2차 8라운드 75순위,21LG
KT,78548,장성우,No. 22,1990년 01월 17일,포수(우투우타),187cm/100kg,감천초-경남중-경남고-롯데-경찰-롯데,20000만원,50000만원,08 롯데 1차,08롯데
KT,64115,장준원,No. 56,1995년 11월 21일,내야수(우투우타),183cm/77kg,경운초(김해시리틀)-개성중-경남고-LG,10000만원,5100만원,14 LG 2차 2라운드 23순위,14LG
KT,66706,장진혁,No. 51,1993년 09월 30일,외야수(우투좌타),184cm/90kg,광주화정초-충장중-광주제일고-단국대-한화,7000만원,11500만원,16 한화 2차 4라운드 39순위,18한화
KT,69047,전용주,No. 29,2000년 02월 12일,투수(좌투좌타),188cm/87kg,양진초(안성시리틀)-성일중-안산공고,20000만원,3600만원,19 KT 1차,19KT
KT,68089,조대현,No. 42,1999년 08월 06일,포수(우투우타),183cm/81kg,길동초-매송중-유신고,4000만원,4300만원,18 KT 2차 10라운드 91순위,21KT
KT,64768,조이현,No. 54,1995년 06월 27일,투수(우투좌타),185cm/95kg,송정동초-배재중-제주고-한화-SK-상무-SK-SSG,7000만원,5700만원,14 한화 2차 5라운드 47순위,14한화
KT,65060,주권,No. 38,1995년 05월 31일,투수(우투우타),181cm/82kg,청주우암초-청주중-청주고,30000만원,20000만원,15 KT 우선지명,15KT
KT,79140,최동환,No. 16,1989년 09월 19일,투수(우투우타),184cm/83kg,인헌초-선린중-경동고-LG,12000만원,11000만원,09 LG 2차 2라운드 13순위,09LG
KT,51007,최성민,No. 31,2002년 07월 05일,외야수(좌투좌타),179cm/84kg,송정동초-무등중-광주동성고,,3200만원,21 KT 2차 6라운드 55순위,23KT
KT,50650,최용준,No. 92,2001년 12월 19일,투수(우투우타),192cm/105kg,양산신양초(양산구리틀)-경남중-부산공고-KIA,3000만원,3000만원,20 KIA 2차 10라운드 96순위,21KIA
KT,69032,쿠에바스,No.,1990년 10월 14일,투수(우투양타),188cm/98kg,베네수엘라 Carabobo(대)-KT,250000달러,1000000달러,19 KT 자유선발,19KT
KT,55032,패트릭,No. 32,1995년 06월 10일,투수(우투우타),196cm/96kg,미국 Hamilton(고),,274000달러,25 KT 자유선발,25KT
KT,51058,한차현,No. 59,1998년 11월 30일,투수(우투우타),180cm/80kg,사능초(남양주리틀)-청원중-포항제철고-성균관대,10000만원,3500만원,21 KT 2차 2라운드 15순위,21KT
KT,79240,허경민,No. 13,1990년 08월 26일,내야수(우투우타),176cm/69kg,송정동초-충장중-광주제일고-두산-경찰-두산,13000만원,30000만원,09 두산 2차 1라운드 7순위,09두산
KT,54354,헤이수스,No. 65,1996년 12월 10일,투수(좌투좌타),192cm/104kg,베네수엘라 Juanita Hernandez(고)-키움,,800000달러,24 키움 자유선발,24키움
KT,76313,황재균,No. 10,1987년 07월 28일,내야수(우투우타),183cm/96kg,사당초-서울이수중-경기고-현대-히어로즈-롯데-샌프란시스코,6000만원,50000만원,06 현대 2차 3라운드 24순위,06현대
NC,54908,고승완,No. 60,2001년 03월 15일,외야수(우투좌타),178cm/81kg,광주대성초-무등중-광주동성고-연세대,3000만원,3000만원,24 NC 9라운드 85순위,25NC
NC,65933,구창모,No. 59,1997년 02월 17일,투수(좌투좌타),182cm/85kg,천안남산초-덕수중-울산공고-NC-상무,15000만원,10000만원,15 NC 2차 1라운드 3순위,15NC
NC,63963,권희동,No. 36,1990년 12월 30일,외야수(우투우타),177cm/85kg,동천초-경주중-경주고-경남대-NC-상무,3000만원,22500만원,13 NC 9라운드 84순위,13NC
NC,52995,김녹원,No. 22,2003년 05월 17일,투수(우투우타),182cm/88kg,학강초-무등중-광주제일고,8000만원,3000만원,22 NC 2차 3라운드 30순위,22NC
NC,54913,김민규,No. 63,2001년 09월 07일,투수(우투우타),183cm/84kg,광주서석초-진흥중-광주동성고-경성대,,3000만원,24 NC 육성선수,24NC
NC,69980,김범준,No. 66,2000년 04월 20일,외야수(우투우타),183cm/90kg,울산대현초-제일중-대구고,6000만원,3000만원,19 NC 2차 5라운드 47순위,24NC
NC,54905,김세훈,No. 9,2005년 04월 04일,내야수(우투우타),174cm/77kg,매호초(경산시리틀)-경운중-경북고,5000만원,3000만원,24 NC 7라운드 61순위,24NC
NC,68900,김영규,No. 17,2000년 02월 10일,투수(좌투좌타),188cm/86kg,광주서석초-무등중-광주제일고,4000만원,20000만원,18 NC 2차 8라운드 79순위,18NC
NC,64580,김재열,No. 32,1996년 01월 02일,투수(우투우타),183cm/97kg,양정초-개성중-부산고-KIA,3000만원,12000만원,14 롯데 2차 7라운드 71순위,20KIA
NC,51903,김정호,No. 42,1998년 07월 13일,포수(우투우타),172cm/84kg,대구옥산초-경복중-포항제철고-성균관대,4000만원,3000만원,21 NC 2차 8라운드 76순위,25NC
NC,51907,김주원,No. 7,2002년 07월 30일,내야수(우투양타),185cm/83kg,삼일초(군포시리틀)-안산중앙중-유신고,15000만원,20000만원,21 NC 2차 1라운드 6순위,21NC
NC,67954,김진호,No. 54,1998년 06월 07일,투수(우투우타),183cm/90kg,의왕부곡초-성일중-광주동성고-NC-경찰,9000만원,5000만원,17 NC 2차 2라운드 18순위,17NC
NC,50992,김태경,No. 11,2001년 04월 07일,투수(우투우타),188cm/95kg,김해삼성초-내동중-용마고-NC-상무,15000만원,5000만원,20 NC 1차,20NC
NC,67956,김태현,No. 15,1998년 03월 21일,투수(좌투좌타),188cm/95kg,김해삼성초-내동중-김해고-NC-경찰,30000만원,3500만원,17 NC 1차,17NC
NC,55995,김태훈,No. 95,2006년 10월 26일,투수(우투우타),188cm/88kg,부평남초(부평구리틀)-동인천중-소래고,12000만원,3000만원,25 NC 2라운드 17순위,25NC
NC,50902,김한별,No. 68,2001년 01월 18일,내야수(우투우타),177cm/85kg,효제초-선린중-배재고,,3800만원,20 NC 2차 7라운드 61순위,22NC
NC,68912,김형준,No. 25,1999년 11월 02일,포수(우투우타),187cm/98kg,가동초-세광중-세광고-NC-상무,15000만원,11000만원,18 NC 2차 1라운드 9순위,18NC
NC,54959,김휘건,No.,2005년 08월 27일,투수(우투우타),191cm/105kg,소양초-춘천중-휘문고,25000만원,3000만원,24 NC 1라운드 5순위,24NC
NC,51344,김휘집,No. 44,2002년 01월 01일,내야수(우투우타),180cm/92kg,양목초(히어로즈리틀)-대치중-신일고-키움,10000만원,17500만원,21 키움 2차 1라운드 9순위,21키움
NC,54944,데이비슨,No. 24,1991년 03월 26일,내야수(우투우타),190cm/104kg,미국 Yucaipa(고),140000달러,1200000달러,24 NC 자유선발,24NC
NC,66965,도태훈,No. 16,1993년 03월 18일,내야수(우투좌타),184cm/85kg,양정초-개성중-부산고-동의대-NC-상무,,8000만원,16 NC 육성선수,16NC
NC,55903,라일리,No. 3,1996년 07월 09일,투수(우투우타),190cm/100kg,미국 Louisville(대),120000달러,520000달러,25 NC 자유선발,25NC
NC,55912,로건,No. 12,1997년 05월 23일,투수(좌투좌타),186cm/105kg,미국 IMG Academy(고),140000달러,560000달러,25 NC 자유선발,25NC
NC,65949,류진욱,No. 41,1996년 10월 10일,투수(우투우타),189cm/88kg,양정초-개성중-부산고,10000만원,13500만원,15 NC 2차 2라운드 21순위,15NC
NC,53973,목지훈,No. 20,2004년 05월 11일,투수(우투우타),181cm/83kg,효제초-청량중-신일고,8000만원,3000만원,23 NC 4라운드 34순위,23NC
NC,79215,박건우,No. 37,1990년 09월 08일,외야수(우투우타),184cm/80kg,역삼초-서울이수중-서울고-두산-경찰-두산,10000만원,70000만원,09 두산 2차 2라운드 10순위,09두산
NC,62907,박민우,No. 2,1993년 02월 06일,내야수(우투좌타),185cm/80kg,마포초(용산구리틀)-선린중-휘문고,16000만원,90000만원,12 NC 1라운드 9순위,12NC
NC,62244,박세혁,No. 10,1990년 01월 09일,포수(우투좌타),181cm/86kg,수유초-신일중-신일고-고려대-두산-상무-두산,6000만원,60000만원,12 두산 5라운드 47순위,12두산
NC,50996,박시원,No. 53,2001년 05월 30일,외야수(우투좌타),185cm/85kg,광주서림초-광주동성중-광주제일고,12000만원,4400만원,20 NC 2차 2라운드 11순위,20NC
NC,50906,박영빈,No. 39,1997년 07월 16일,외야수(우투좌타),182cm/88kg,호원초(의정부리틀)-청량중-충암고-경희대,,3100만원,20 NC 육성선수,23NC
NC,68097,박주현,No. 67,1999년 08월 03일,투수(좌투좌타),184cm/85kg,철산초(광명리틀)-영동중-충암고-KT,5000만원,3000만원,18 KT 2차 8라운드 71순위,18KT
NC,64995,배재환,No. 61,1995년 02월 24일,투수(우투우타),186cm/95kg,가동초-잠신중-서울고-NC-상무,15000만원,5500만원,14 NC 2차 1라운드 1순위,14NC
NC,66068,서의태,No. 58,1997년 09월 05일,투수(좌투좌타),194cm/115kg,묵동초(남양주리틀)-청량중-경기고-KT-히어로즈-키움,8000만원,3000만원,16 KT 2차 3라운드 21순위,16KT
NC,69995,서호철,No. 5,1996년 10월 16일,내야수(우투우타),179cm/85kg,순천남산초-순천이수중-효천고-동의대-NC-상무,3000만원,17500만원,19 NC 2차 9라운드 87순위,20NC
NC,67962,소이현,No. 50,1999년 02월 09일,투수(우투우타),185cm/93kg,서울이수초-서울이수중-서울디자인고,8000만원,3100만원,17 NC 2차 3라운드 28순위,17NC
NC,54904,손주환,No. 46,2002년 01월 05일,투수(우투우타),177cm/85kg,영천초-신정중-물금고-동아대,6000만원,3000만원,24 NC 6라운드 55순위,24NC
NC,69203,송승환,No. 8,2000년 10월 28일,외야수(우투우타),183cm/93kg,신기초(금천구리틀)-양천중-서울고-두산,10000만원,3200만원,19 두산 2차 2라운드 19순위,19두산
NC,68902,신민혁,No. 18,1999년 02월 04일,투수(우투우타),184cm/95kg,염강초(강서구리틀)-매향중-야탑고,6000만원,18000만원,18 NC 2차 5라운드 49순위,20NC
NC,53919,신영우,No. 43,2004년 04월 21일,투수(우투우타),182cm/84kg,센텀초-센텀중-경남고,25000만원,3000만원,23 NC 1라운드 4순위,23NC
NC,50901,안인산,No. 38,2001년 02월 27일,내야수(우투우타),181cm/95kg,군포오금초(안양시리틀)-평촌중-야탑고,10000만원,3000만원,20 NC 2차 3라운드 21순위,20NC
NC,64022,안중열,No. 1,1995년 09월 01일,포수(우투우타),176cm/87kg,가야초-개성중-부산고-(영남사이버대)-KT-롯데-상무-롯데,13000만원,6600만원,14 KT 2차 특별 15순위,14KT
NC,68904,오영수,No. 34,2000년 01월 30일,내야수(우투좌타),178cm/93kg,사파초-창원신월중-용마고-NC-상무,10000만원,5100만원,18 NC 2차 2라운드 19순위,18NC
NC,51996,오태양,No. 6,2002년 04월 25일,내야수(우투우타),180cm/78kg,방배초-대치중-청원고-NC-상무,6000만원,3100만원,21 NC 2차 5라운드 46순위,21NC
NC,54906,원종해,No. 56,2005년 04월 09일,투수(우투우타),183cm/83kg,길동초-건대부중-장충고,,3000만원,24 NC 7라운드 65순위,25NC
NC,55997,이세민,No. 97,2005년 08월 08일,투수(우투우타),187cm/100kg,칠성초-경복중-대구상원고,6000만원,3000만원,25 NC 6라운드 57순위,25NC
NC,77211,이용찬,No. 45,1989년 01월 02일,투수(우투우타),185cm/85kg,신원초-양천중-장충고-두산-상무-두산,45000만원,20000만원,07 두산 1차,07두산
NC,63260,이우성,No. 55,1994년 07월 17일,외야수(우투우타),182cm/95kg,대전유천초-한밭중-대전고-두산-상무-두산-NC-KIA,12000만원,17000만원,13 두산 2라운드 15순위,13두산
NC,60263,이재학,No. 51,1990년 10월 04일,투수(우언우타),181cm/84kg,대구옥산초-경복중-대구고-두산,10000만원,18000만원,10 두산 2라운드 10순위,10두산
NC,52992,이준혁,No. 40,2003년 06월 30일,투수(우투우타),184cm/87kg,용인포곡초(처인구리틀)-성일중-율곡고-NC,12000만원,3000만원,22 NC 2차 1라운드 10순위,25NC
NC,54900,임상현,No. 28,2005년 07월 16일,투수(우투우타),184cm/89kg,김천신일초(김천시리틀)-상원중-대구상원고,15000만원,3700만원,24 NC 2라운드 15순위,24NC
NC,63959,임정호,No. 13,1990년 04월 16일,투수(좌투좌타),188cm/90kg,성동초-잠신중-신일고-성균관대-NC-상무,7000만원,20000만원,13 NC 3라운드 30순위,13NC
NC,52902,임지민,No. 19,2003년 10월 11일,투수(우투우타),185cm/82kg,가평목동초(가평리틀)-춘천중-강원고,6000만원,3000만원,22 NC 2차 5라운드 50순위,22NC
NC,55993,장창훈,No. 93,2000년 05월 22일,내야수(우투좌타),176cm/70kg,강남초-개군중-설악고-강릉영동대,3000만원,3000만원,25 NC 9라운드 87순위,25NC
NC,69204,전루건,No. 47,2000년 06월 09일,투수(우투우타),185cm/80kg,도신초-충암중-부천고-두산,14000만원,3100만원,19 두산 2차 1라운드 9순위,19두산
NC,69969,전사민,No. 57,1999년 07월 06일,투수(우투우타),194cm/85kg,연서초(부산동래구리틀)-대신중-부산정보고-NC-상무,10000만원,3800만원,19 NC 2차 2라운드 17순위,19NC
NC,52903,조민석,No. 64,1998년 12월 21일,투수(우투좌타),180cm/83kg,천안남산초-천안북중-부천고-원광대-NC-상무,3000만원,5000만원,22 NC 2차 9라운드 90순위,22NC
NC,67905,천재환,No. 23,1994년 04월 01일,외야수(우투우타),181cm/83kg,대전신흥초-공주중-화순고-고려대,,7600만원,17 NC 육성선수,22NC
NC,66920,최성영,No. 26,1997년 04월 28일,투수(좌투좌타),180cm/85kg,영랑초-설악중-설악고-NC-상무,10000만원,8000만원,16 NC 2차 2라운드 13순위,16NC
NC,54903,최우석,No. 48,2005년 03월 31일,투수(우투우타),190cm/90kg,서흥초-동인천중-비봉고,6000만원,3000만원,24 NC 5라운드 45순위,24NC
NC,66606,최원준,No. 31,1997년 03월 23일,외야수(우투좌타),178cm/85kg,연현초-서울경원중-서울고-KIA-상무-KIA,15000만원,40000만원,16 KIA 2차 1라운드 3순위,16KIA
NC,69992,최정원,No. 14,2000년 06월 24일,내야수(우투좌타),176cm/70kg,서원초-청주중-청주고-NC-상무,5000만원,7000만원,19 NC 2차 7라운드 67순위,20NC
NC,68639,하준영,No. 29,1999년 09월 06일,투수(좌투좌타),182cm/79kg,서울이수초-성남중-성남고-KIA,11000만원,11000만원,18 KIA 2차 2라운드 16순위,18KIA
NC,64101,한석현,No. 33,1994년 05월 17일,외야수(좌투좌타),181cm/73kg,후암초-대천중-경남고-LG,5000만원,3700만원,14 LG 2차 5라운드 48순위,20LG
NC,50903,한재환,No. 35,2001년 10월 19일,내야수(우투우타),177cm/89kg,기장대청초(기장리틀)-대신중-개성고,4000만원,3000만원,20 NC 2차 8라운드 71순위,24NC
NC,55996,홍재문,No. 96,2004년 07월 09일,투수(우투우타),183cm/95kg,청주우암초-청주중-청주고-동의과학대,8000만원,3000만원,25 NC 4라운드 37순위,25NC
NC,50600,홍종표,No. 4,2000년 05월 02일,내야수(우투좌타),178cm/72kg,동막초-영남중-강릉고-KIA-상무-KIA,11000만원,6500만원,20 KIA 2차 2라운드 16순위,20KIA
롯데,55532,감보아,No. 32,1997년 01월 17일,투수(좌투양타),185cm/92kg,미국 Fresno City(대),50000달러,250000달러,25 롯데 자유선발,25롯데
롯데,54506,강승구,No. 39,2003년 10월 19일,포수(우투우타),180cm/83kg,동막초-상인천중-제물포고-강릉영동대,,3100만원,24 롯데 육성선수,24롯데
롯데,69517,고승민,No. 2,2000년 08월 11일,내야수(우투좌타),189cm/92kg,군산신풍초-천안북중-북일고,15000만원,18500만원,19 롯데 2차 1라운드 8순위,19롯데
롯데,63543,구승민,No. 22,1990년 06월 12일,투수(우투우타),182cm/86kg,동일초(도봉구리틀)-청원중-청원고-홍익대-롯데-상무,5000만원,30000만원,13 롯데 6라운드 52순위,14롯데
롯데,65522,김강현,No. 19,1995년 02월 27일,투수(우투좌타),177cm/84kg,고명초-청원중-청원고,,4000만원,15 롯데 육성선수,16롯데
롯데,68585,김도규,No. 124,1998년 07월 11일,투수(우투우타),192cm/118kg,고봉초-충암중-안산공고,9000만원,4000만원,18 롯데 2차 3라운드 23순위,18롯데
롯데,52504,김동혁,No. 50,2000년 09월 15일,외야수(좌투좌타),177cm/77kg,서화초-상인천중-제물포고-강릉영동대,,3300만원,22 롯데 2차 7라운드 64순위,23롯데
롯데,55502,김동현,No. 64,2004년 12월 30일,외야수(우투좌타),185cm/100kg,인천병방초(인천서구리틀)-재능중-제물포고-부산과학기술대,6000만원,3000만원,25 롯데 6라운드 54순위,25롯데
롯데,77564,김민성,No. 16,1988년 12월 17일,내야수(우투우타),181cm/94kg,고명초-잠신중-덕수정보고-(영남사이버대)-롯데-히어로즈-키움-LG,10000만원,20000만원,07 롯데 2차 2라운드 13순위,07롯데
롯데,76430,김상수,No. 24,1988년 01월 02일,투수(우투우타),180cm/88kg,신자초(자이언츠리틀)-자양중-신일고-(방송통신대)-삼성-상무-키움-SK-SSG,13000만원,24000만원,06 삼성 2차 2라운드 15순위,06삼성
롯데,52514,김세민,No. 4,2003년 06월 14일,내야수(우투우타),183cm/78kg,강릉중앙초-하슬라중-강릉고,8000만원,3100만원,22 롯데 2차 3라운드 28순위,22롯데
롯데,62528,김원중,No. 34,1993년 06월 14일,투수(우투좌타),192cm/96kg,학강초-광주동성중-광주동성고,15000만원,110000만원,12 롯데 1라운드 5순위,12롯데
롯데,51516,김진욱,No. 15,2002년 07월 05일,투수(좌투좌타),185cm/90kg,수원신곡초-춘천중-강릉고,37000만원,10000만원,21 롯데 2차 1라운드 1순위,21롯데
롯데,55566,김태현,No. 66,2005년 11월 16일,투수(좌투좌타),185cm/87kg,광주서림초-진흥중-광주제일고,30000만원,3000만원,25 롯데 1라운드 4순위,25롯데
롯데,67539,나균안,No. 43,1998년 03월 16일,투수(우투우타),186cm/109kg,무학초-창원신월중-용마고,15000만원,12000만원,17 롯데 2차 1라운드 3순위,17롯데
롯데,51551,나승엽,No. 51,2002년 02월 15일,내야수(우투좌타),190cm/82kg,남정초-선린중-덕수고-롯데-상무,50000만원,12000만원,21 롯데 2차 2라운드 11순위,21롯데
롯데,62931,노진혁,No. 52,1989년 07월 15일,내야수(우투좌타),184cm/80kg,광주대성초-광주동성중-광주동성고-성균관대-NC-상무-NC,8000만원,70000만원,12 NC 특별 20순위,12NC
롯데,55536,데이비슨,No.,1996년 03월 25일,투수(좌투좌타),188cm/97kg,미국 Midland(대)-롯데,350000달러,500000달러,25 롯데 자유선발,25롯데
롯데,54529,레이예스,No. 29,1994년 10월 05일,외야수(우투양타),196cm/87kg,베네수엘라 Dr Felipe Guevara(고),100000달러,800000달러,24 롯데 자유선발,24롯데
롯데,55509,박건우,No. 48,2003년 02월 01일,포수(우투우타),183cm/92kg,성동초-건대부중-장충고-고려대,,1500만원,25 롯데 육성선수,25롯데
롯데,64021,박세웅,No. 21,1995년 11월 30일,투수(우투우타),182cm/85kg,대구경운초-경운중-경북고-KT,20000만원,135000만원,14 KT 1차,14KT
롯데,66047,박세진,No. 41,1997년 06월 27일,투수(좌투좌타),178cm/93kg,본리초-경운중-경북고-KT,23000만원,3700만원,16 KT 1차,16KT
롯데,55568,박세현,No. 68,2006년 01월 21일,투수(우투우타),183cm/88kg,중화초(중랑구리틀)-상명중-배명고,15000만원,3000만원,25 롯데 2라운드 14순위,25롯데
롯데,62802,박승욱,No. 53,1992년 12월 04일,내야수(우투좌타),184cm/83kg,칠성초-경복중-대구상원고-SK-KT,8000만원,17000만원,12 SK 3라운드 31순위,12SK
롯데,60559,박시영,No. 25,1989년 03월 10일,투수(우투우타),181cm/92kg,축현초-인천신흥중-제물포고-(영남사이버대)-롯데-KT,,5000만원,08 롯데 2차 4라운드 31순위,10롯데
롯데,55563,박재엽,No. 63,2006년 01월 23일,포수(우투우타),184cm/92kg,부산대연초-개성중-부산고,8000만원,3000만원,25 롯데 4라운드 34순위,25롯데
롯데,54503,박준우,No. 58,2005년 05월 27일,투수(우투우타),190cm/94kg,상동초(부천시리틀)-부천중-유신고,8000만원,3100만원,24 롯데 4라운드 33순위,24롯데
롯데,69594,박진,No. 44,1999년 04월 02일,투수(우투우타),182cm/106kg,부산대연초-부산중-부산고,8000만원,6000만원,19 롯데 2차 4라운드 38순위,19롯데
롯데,63512,박진형,No. 40,1994년 06월 10일,투수(우투우타),181cm/77kg,영랑초-경포중-강릉고,10000만원,5600만원,13 롯데 2라운드 13순위,15롯데
롯데,55530,박찬형,No. 60,2002년 10월 17일,내야수(우투좌타),175cm/78kg,중대초-언북중-배재고,1920만원,3000만원,25 롯데 육성선수,25롯데
롯데,52528,반즈,No.,1995년 10월 01일,투수(좌투좌타),189cm/91kg,미국 Clemson(대)-롯데,150000달러,950000달러,22 롯데 자유선발,22롯데
롯데,54507,백두산,No. 62,2001년 05월 20일,포수(우투우타),180cm/95kg,부산수영초-대천중-개성고-동의대,,3100만원,24 롯데 육성선수,24롯데
롯데,55526,벨라스케즈,No. 26,1992년 06월 07일,투수(우투우타),190cm/95kg,미국 Garey(고),,330000달러,25 롯데 자유선발,25롯데
롯데,53569,서동욱,No.,2000년 03월 24일,포수(우투우타),175cm/88kg,순천남산초-순천이수중-순천효천고BC-홍익대,,3500만원,23 롯데 육성선수,23롯데
롯데,51528,손성빈,No. 28,2002년 01월 14일,포수(우투우타),186cm/92kg,희망대초-경기신흥중-장안고-롯데-상무,15000만원,6800만원,21 롯데 1차,21롯데
롯데,50150,손호영,No. 33,1994년 08월 23일,내야수(우투우타),182cm/88kg,의왕부곡초-평촌중-충훈고-LG,,12500만원,20 LG 2차 3라운드 23순위,14시카고컵스
롯데,51594,송재영,No. 59,2002년 06월 20일,투수(좌투좌타),181cm/84kg,수원잠원초(수원영통구리틀)-매향중-라온고-롯데-상무,6000만원,3200만원,21 롯데 2차 4라운드 31순위,21롯데
롯데,68067,신병률,No. 12,1996년 01월 30일,투수(우언우타),175cm/82kg,둔촌초-잠신중-휘문고-단국대-KT,6000만원,3100만원,18 KT 2차 6라운드 51순위,18KT
롯데,69508,신윤후,No. 3,1996년 01월 05일,내야수(우투우타),177cm/77kg,무학초-마산중-마산고-동의대,3000만원,4800만원,19 롯데 2차 10라운드 98순위,19롯데
롯데,64017,심재민,No. 23,1994년 02월 18일,투수(좌투우타),182cm/92kg,장유초(김해엔젤스리틀)-개성중-개성고-(전남과학대)-KT,25000만원,5400만원,14 KT 우선지명,14KT
롯데,61102,유강남,No. 27,1992년 07월 15일,포수(우투우타),182cm/88kg,청원초-휘문중-서울고-LG-상무-LG,4000만원,110000만원,11 LG 7라운드 50순위,11LG
롯데,52591,윤동희,No. 91,2003년 09월 18일,외야수(우투우타),187cm/85kg,현산초-대원중-야탑고,8000만원,20000만원,22 롯데 2차 3라운드 24순위,22롯데
롯데,67588,윤성빈,No. 55,1999년 02월 26일,투수(우투우타),197cm/90kg,동일중앙초-경남중-부산고,45000만원,3100만원,17 롯데 1차,17롯데
롯데,52530,이민석,No. 37,2003년 12월 10일,투수(우투우타),189cm/95kg,부산수영초-대천중-개성고,20000만원,4000만원,22 롯데 1차,22롯데
롯데,51592,이병준,No. 45,2002년 05월 28일,투수(우투우타),185cm/95kg,부산청동초(부산영도구리틀)-경남중-개성고,3000만원,3000만원,21 롯데 2차 7라운드 61순위,25롯데
롯데,55503,이영재,No. 67,2006년 10월 20일,투수(좌투좌타),180cm/71kg,태봉초(의정부시유소년야구단)-신흥중-신흥고,5000만원,3000만원,25 롯데 7라운드 64순위,25롯데
롯데,50608,이인한,No. 54,1998년 12월 24일,외야수(우투우타),183cm/95kg,광주대성초-심석중-강릉고-강릉영동대,3000만원,3100만원,20 KIA 2차 9라운드 86순위,24롯데
롯데,55511,이태경,No. 69,2002년 11월 24일,내야수(우투우타),176cm/77kg,광주송정동초-무등중-광주제일고-한일장신대,,3000만원,25 롯데 육성선수,25롯데
롯데,54598,이호준,No. 30,2004년 03월 20일,내야수(우투좌타),172cm/72kg,대구옥산초-대구경운중-대구상원고,10000만원,3100만원,24 롯데 3라운드 23순위,24롯데
롯데,68507,장두성,No. 7,1999년 09월 16일,외야수(우투좌타),176cm/75kg,축현초-재능중-동산고,3000만원,4600만원,18 롯데 2차 10라운드 93순위,21롯데
롯데,68205,전민재,No. 13,1999년 06월 30일,내야수(우투우타),181cm/73kg,천안남산초-천안북중-대전고-두산,7000만원,7500만원,18 두산 2차 4라운드 40순위,18두산
롯데,78513,전준우,No. 8,1986년 02월 25일,외야수(우투우타),184cm/98kg,흥무초-경주중-경주고-건국대-롯데-경찰,10000만원,40000만원,08 롯데 2차 2라운드 15순위,08롯데
롯데,68518,정보근,No. 42,1999년 08월 31일,포수(우투우타),175cm/89kg,부산수영초-경남중-경남고,3000만원,7700만원,18 롯데 2차 9라운드 83순위,19롯데
롯데,68556,정성종,No. 18,1995년 11월 16일,투수(우투좌타),181cm/93kg,광주서석초-무등중-광주제일고-인하대-롯데-상무,10000만원,3700만원,18 롯데 2차 2라운드 13순위,18롯데
롯데,51546,정우준,No. 46,2000년 03월 17일,투수(우투우타),180cm/82kg,태랑초(남양주리틀)-청원중-서울고-강릉영동대-롯데-상무,5000만원,3200만원,21 롯데 2차 6라운드 51순위,21롯데
롯데,68242,정철원,No. 65,1999년 03월 27일,투수(우투우타),192cm/95kg,역북초-송전중-안산공고-두산,10000만원,12000만원,18 두산 2차 2라운드 20순위,18두산
롯데,54537,정현수,No. 57,2001년 05월 10일,투수(좌투좌타),180cm/84kg,부산대연초-부산중-부산고-송원대,15000만원,4000만원,24 롯데 2라운드 13순위,24롯데
롯데,60523,정훈,No. 9,1987년 07월 18일,내야수(우투우타),180cm/85kg,양덕초-마산동중-용마고,,20000만원,06 현대 육성선수,10롯데
롯데,52516,조세진,No. 5,2003년 11월 21일,외야수(우투우타),181cm/86kg,장안초(성남중원구리틀)-선린중-서울고-롯데-상무,13000만원,4000만원,22 롯데 2차 1라운드 4순위,22롯데
롯데,76650,진해수,No. 31,1986년 06월 26일,투수(좌투좌타),187cm/85kg,동삼초-경남중-부경고-KIA-상무-KIA-SK-LG,4000만원,7000만원,05 KIA 2차 7라운드 50순위,06KIA
롯데,50556,최준용,No. 56,2001년 10월 10일,투수(우투우타),185cm/85kg,부산수영초-대천중-경남고,25000만원,11000만원,20 롯데 1차,20롯데
롯데,62884,최항,No. 14,1994년 01월 03일,내야수(우투좌타),183cm/88kg,대일초-매송중-유신고-SK-SSG,,5000만원,12 SK 8라운드 70순위,17SK
롯데,55506,한승현,No. 35,2006년 10월 29일,외야수(우투우타),183cm/80kg,신양초(강동구리틀)-건대부중-장충고,3000만원,3000만원,25 롯데 9라운드 84순위,25롯데
롯데,52568,한태양,No. 6,2003년 09월 15일,내야수(우투우타),181cm/76kg,역삼초-언북중-덕수고-롯데-상무,5000만원,3800만원,22 롯데 2차 6라운드 54순위,22롯데
롯데,62363,한현희,No. 1,1993년 06월 25일,투수(우언우타),182cm/98kg,동삼초-경남중-경남고-히어로즈-키움,23000만원,100000만원,12 넥센 1라운드 2순위,12넥센
롯데,68260,현도훈,No. 17,1993년 01월 13일,투수(우투좌타),188cm/95kg,풍양초(남양주리틀)-서울신일중-일본 교토고쿠사이고-일본 큐슈교리츠대-두,,3300만원,18 두산 육성선수,18두산
롯데,50596,홍민기,No. 38,2001년 07월 20일,투수(좌투좌타),185cm/85kg,법동초-한밭중-대전고,16000만원,3100만원,20 롯데 2차 1라운드 4순위,20롯데
롯데,50500,황성빈,No. 0,1997년 12월 19일,외야수(우투좌타),172cm/76kg,관산초-안산중앙중-소래고-경남대,7000만원,15500만원,20 롯데 2차 5라운드 44순위,22롯데
KIA,61353,고종욱,No. 57,1989년 01월 11일,외야수(우투좌타),184cm/83kg,역삼초-대치중-경기고-한양대-히어로즈-상무-히어로즈-SK-SSG,8000만원,15000만원,11 넥센 3라운드 19순위,11넥센
KIA,53609,곽도규,No. 0,2004년 04월 12일,투수(좌투좌타),185cm/90kg,도척초-공주중-공주고,6000만원,12000만원,23 KIA 5라운드 42순위,23KIA
KIA,76225,김건국,No. 43,1988년 02월 02일,투수(우투우타),183cm/86kg,한서초(서부리틀)-청량중-덕수고-두산-KT-롯데,13000만원,4500만원,06 두산 2차 1라운드 6순위,06두산
KIA,66614,김규성,No. 14,1997년 03월 08일,내야수(우투좌타),185cm/88kg,갈산초-선린중-선린인터넷고,4000만원,6500만원,16 KIA 2차 7라운드 63순위,17KIA
KIA,69620,김기훈,No. 53,2000년 01월 03일,투수(좌투좌타),184cm/93kg,광주수창초-무등중-광주동성고-KIA-상무,35000만원,5500만원,19 KIA 1차,19KIA
KIA,60337,김대유,No. 69,1991년 05월 08일,투수(좌투좌타),187cm/92kg,부산중앙초-부산중-부산고-히어로즈-SK-KT-LG,6000만원,12000만원,10 넥센 3라운드 18순위,10넥센
KIA,52605,김도영,No. 5,2003년 10월 02일,내야수(우투우타),183cm/85kg,광주대성초-광주동성중-광주동성고,40000만원,50000만원,22 KIA 1차,22KIA
KIA,69745,김도현,No. 60,2000년 09월 15일,투수(우투우타),183cm/87kg,길원초(동대문구리틀)-잠신중-신일고-한화,8000만원,9000만원,19 한화 2차 4라운드 33순위,19한화
KIA,54608,김민재,No. 30,2003년 07월 08일,투수(우투우타),188cm/85kg,효제초-청량중-신일고-동원과학기술대-KIA-상무,4000만원,3100만원,24 KIA 8라운드 76순위,24KIA
KIA,54645,김민주,No. 49,2002년 09월 08일,투수(우투우타),182cm/85kg,서울청담초(성동구리틀)-건대부중-배명고-강릉영동대,5000만원,3100만원,24 KIA 7라운드 66순위,24KIA
KIA,63894,김사윤,No. 21,1994년 06월 08일,투수(좌투좌타),182cm/90kg,광주화정초-무등중-화순고-SK-상무-SK-SSG,8000만원,4000만원,13 SK 3라운드 28순위,15SK
KIA,67610,김석환,No. 35,1999년 02월 28일,외야수(좌투좌타),187cm/97kg,광주서석초-광주동성중-광주동성고,9000만원,4000만원,17 KIA 2차 3라운드 24순위,17KIA
KIA,78603,김선빈,No. 3,1989년 12월 18일,내야수(우투우타),165cm/77kg,화순초-화순중-화순고-KIA-상무,3000만원,60000만원,08 KIA 2차 6라운드 43순위,08KIA
KIA,66492,김승현,No. 24,1992년 07월 09일,투수(우투우타),180cm/105kg,노암초-경포중-강릉고-건국대-삼성-상무-삼성,13000만원,4600만원,16 삼성 2차 1라운드 10순위,16삼성
KIA,68928,김시훈,No. 61,1999년 02월 24일,투수(우투우타),188cm/95kg,양덕초-마산동중-마산고-NC,20000만원,13500만원,18 NC 1차,18NC
KIA,55646,김정엽,No. 46,2006년 04월 18일,투수(우투우타),185cm/96kg,부산수영초-개성중-부산고,7000만원,3000만원,25 KIA 5라운드 45순위,25KIA
KIA,78122,김태군,No. 42,1989년 12월 30일,포수(우투우타),182cm/92kg,양정초-대동중-부산고-LG-NC-경찰-NC-삼성,8000만원,70000만원,08 LG 2차 3라운드 17순위,08LG
KIA,55610,김태형,No. 10,2006년 12월 15일,투수(우투우타),184cm/95kg,화순초-거원중-덕수고,30000만원,3000만원,25 KIA 1라운드 5순위,25KIA
KIA,69516,김현수,No. 32,2000년 07월 10일,투수(우투우타),185cm/90kg,효제초-홍은중-장충고-롯데-KIA-상무,9000만원,4500만원,19 롯데 2차 3라운드 28순위,19롯데
KIA,65653,김호령,No. 27,1992년 04월 30일,외야수(우투우타),178cm/85kg,관산초-안산중앙중-군산상고-동국대-KIA-경찰,3000만원,8000만원,15 KIA 2차 10라운드 102순위,15KIA
KIA,62947,나성범,No. 47,1989년 10월 03일,외야수(좌투좌타),183cm/100kg,광주대성초-진흥중-진흥고-연세대-NC,30000만원,80000만원,12 NC 2라운드 10순위,12NC
KIA,54640,네일,No. 40,1993년 02월 08일,투수(우투우타),193cm/83kg,미국 Alabama at Birmingham(대),200000달러,1200000달러,24 KIA 자유선발,24KIA
KIA,50657,박민,No. 2,2001년 06월 05일,내야수(우투우타),184cm/84kg,갈산초-성남중-야탑고-KIA-상무,15000만원,3800만원,20 KIA 2차 1라운드 6순위,20KIA
KIA,55636,박재현,No. 36,2006년 12월 08일,외야수(우투좌타),180cm/73kg,동막초-재능중-인천고,10000만원,3000만원,25 KIA 3라운드 25순위,25KIA
KIA,67609,박정우,No. 15,1998년 02월 01일,외야수(좌투좌타),175cm/68kg,역삼초-언북중-덕수고,5000만원,6500만원,17 KIA 2차 7라운드 64순위,21KIA
KIA,63638,박준표,No. 31,1992년 06월 26일,투수(우언우타),181cm/93kg,송정동초-진흥중-중앙고-동강대-KIA-경찰,4000만원,7500만원,13 KIA 7라운드 62순위,13KIA
KIA,64646,박찬호,No. 1,1995년 06월 05일,내야수(우투우타),178cm/72kg,신답초-건대부중-장충고,8000만원,45000만원,14 KIA 2차 5라운드 50순위,14KIA
KIA,55637,박헌,No. 67,2006년 01월 05일,외야수(좌투좌타),185cm/90kg,광주수창초-충장중-광주제일고,3000만원,3000만원,25 KIA 11라운드 105순위,25KIA
KIA,69727,변우혁,No. 29,2000년 03월 18일,내야수(우투우타),185cm/100kg,일산초-현도중-북일고-한화-상무-한화,18000만원,8500만원,19 한화 1차,19한화
KIA,78168,서건창,No. 58,1989년 08월 22일,내야수(우투좌타),176cm/84kg,송정동초-충장중-광주제일고-LG-히어로즈-키움-LG,,12000만원,08 LG 육성선수,08LG
KIA,54610,성영탁,No. 65,2004년 07월 28일,투수(우투우타),180cm/89kg,동주초(부산서구리틀)-개성중-부산고,3000만원,3000만원,24 KIA 10라운드 96순위,25KIA
KIA,55659,양수호,No. 59,2006년 09월 09일,투수(우투우타),187cm/82kg,보성초(대전중구리틀)-공주중-공주고,8000만원,3000만원,25 KIA 4라운드 35순위,25KIA
KIA,77637,양현종,No. 54,1988년 03월 01일,투수(좌투좌타),183cm/91kg,학강초-광주동성중-광주동성고-KIA-텍사스,20000만원,50000만원,07 KIA 2차 1라운드 1순위,07KIA
KIA,69636,오선우,No. 56,1996년 12월 13일,내야수(좌투좌타),186cm/95kg,성동초-자양중-배명고-인하대,5000만원,3400만원,19 KIA 2차 5라운드 50순위,19KIA
KIA,55633,올러,No. 33,1994년 10월 17일,투수(우투우타),193cm/102kg,미국 Northwestern State(대),200000달러,600000달러,25 KIA 자유선발,25KIA
KIA,55645,위즈덤,No. 45,1991년 08월 27일,내야수(우투우타),188cm/99kg,미국 Saint Mary's(대),200000달러,800000달러,25 KIA 자유선발,25KIA
KIA,67640,유승철,No. 50,1998년 03월 02일,투수(우투양타),184cm/87kg,순천북초-순천이수중-효천고,18000만원,3800만원,17 KIA 1차,17KIA
KIA,50604,유지성,No. 4,2000년 11월 15일,투수(좌투좌타),189cm/94kg,수유초-자양중-북일고,7000만원,3200만원,20 KIA 2차 4라운드 36순위,20KIA
KIA,52667,윤도현,No. 9,2003년 05월 07일,내야수(우투우타),181cm/84kg,광주화정초-무등중-광주제일고,10000만원,3200만원,22 KIA 2차 2라운드 15순위,22KIA
KIA,53613,윤영철,No. 13,2004년 04월 20일,투수(좌투좌타),187cm/87kg,창서초(서대문구리틀)-충암중-충암고,32000만원,12000만원,23 KIA 1라운드 2순위,23KIA
KIA,68619,윤중현,No. 19,1995년 04월 25일,투수(우언우타),180cm/84kg,광주서석초-무등중-광주제일고-성균관대,4000만원,6000만원,18 KIA 2차 9라운드 86순위,21KIA
KIA,53615,이도현,No. 66,2005년 01월 07일,투수(우투우타),188cm/90kg,가동초-휘문중-휘문고,4000만원,3000만원,23 KIA 7라운드 62순위,25KIA
KIA,55632,이성원,No. 6,2006년 05월 18일,투수(우투우타),184cm/90kg,호동초(화성B리틀)-안산중앙중-유신고,3000만원,3000만원,25 KIA 10라운드 95순위,25KIA
KIA,51648,이의리,No. 48,2002년 06월 16일,투수(좌투좌타),185cm/90kg,광주수창초-충장중-광주제일고,30000만원,17000만원,21 KIA 1차,21KIA
KIA,65665,이준영,No. 20,1992년 08월 10일,투수(좌투좌타),177cm/85kg,군산남초-군산중-군산상고-중앙대-KIA-상무,8000만원,17000만원,15 KIA 2차 4라운드 42순위,15KIA
KIA,64560,이창진,No. 8,1991년 03월 04일,외야수(우투우타),173cm/85kg,신도초-동인천중-인천고-건국대-롯데-KT-상무-KT,5000만원,14000만원,14 롯데 2차 6라운드 60순위,14롯데
KIA,62951,이형범,No. 28,1994년 02월 27일,투수(우투우타),181cm/80kg,화순초-화순중-화순고-NC-경찰-NC-두산,7000만원,6500만원,12 NC 특별 23순위,12NC
KIA,55663,이호민,No. 63,2006년 08월 26일,투수(우투우타),182cm/85kg,해남북일초(해남군리틀)-이평중-전주고,15000만원,3000만원,25 KIA 2라운드 15순위,25KIA
KIA,62754,임기영,No. 17,1993년 04월 16일,투수(우언우타),184cm/86kg,대구수창초-경운중-경북고-한화-상무,11000만원,30000만원,12 한화 2라운드 18순위,12한화
KIA,50641,장재혁,No. 38,2001년 08월 02일,투수(우투우타),180cm/86kg,부산금강초-대신중-경남고,5000만원,3100만원,20 KIA 2차 6라운드 56순위,22KIA
KIA,66609,전상현,No. 51,1996년 04월 18일,투수(우투우타),182cm/88kg,남도초-경복중-대구상원고-KIA-상무,7000만원,30000만원,16 KIA 2차 4라운드 38순위,16KIA
KIA,50662,정해영,No. 62,2001년 08월 23일,투수(우투우타),189cm/98kg,광주대성초-광주동성중-광주제일고,20000만원,36000만원,20 KIA 1차,20KIA
KIA,53659,정해원,No. 64,2004년 05월 21일,내야수(우투우타),185cm/87kg,제주신광초-덕수중-휘문고,10000만원,3100만원,23 KIA 3라운드 22순위,23KIA
KIA,55926,정현창,No. 12,2006년 07월 14일,내야수(우투좌타),177cm/70kg,김해부곡초-부산토현중-부산공고-NC,5000만원,3000만원,25 NC 7라운드 67순위,25NC
KIA,63342,조상우,No. 11,1994년 09월 04일,투수(우투우타),186cm/97kg,서화초-상인천중-대전고-히어로즈-키움,25000만원,40000만원,13 넥센 1라운드 1순위,13넥센
KIA,66354,주효상,No. 22,1997년 11월 11일,포수(우투좌타),183cm/95kg,역북초-강남중-서울고-히어로즈-키움,20000만원,4400만원,16 넥센 1차,16넥센
KIA,65464,최정용,No. 23,1996년 10월 24일,내야수(우투좌타),179cm/84kg,서원초-세광중-세광고-삼성-SK-상무,11000만원,4500만원,15 삼성 2차 2라운드 15순위,15삼성
KIA,52639,최지민,No. 39,2003년 09월 10일,투수(좌투좌타),185cm/100kg,강릉율곡초(강릉리틀)-경포중-강릉고,15000만원,12000만원,22 KIA 2차 1라운드 5순위,22KIA
KIA,72443,최형우,No. 34,1983년 12월 16일,외야수(우투좌타),180cm/106kg,진북초-전주동중-전주고-삼성-경찰-삼성,5000만원,100000만원,02 삼성 2차 6라운드 48순위,02삼성
KIA,63722,한승택,No. 26,1994년 06월 21일,포수(우투우타),174cm/83kg,잠전초(남양주리틀)-잠신중-덕수고-한화-경찰,9000만원,6500만원,13 한화 3라운드 23순위,13한화
KIA,51994,한재승,No. 25,2001년 11월 21일,투수(우투우타),180cm/90kg,동막초-상인천중-인천고-NC,7000만원,7500만원,21 NC 2차 4라운드 36순위,21NC
KIA,68646,한준수,No. 55,1999년 02월 13일,포수(우투좌타),184cm/95kg,광주서석초-광주동성중-광주동성고,16000만원,14000만원,18 KIA 1차,18KIA
KIA,69643,홍원빈,No. 30,2000년 10월 16일,투수(우투우타),195cm/101kg,안말초-강남중-덕수고,13000만원,3000만원,19 KIA 2차 1라운드 10순위,19KIA
KIA,65610,황대인,No. 52,1996년 02월 10일,내야수(우투우타),178cm/100kg,군산신풍초-자양중-경기고-KIA-상무,16000만원,7000만원,15 KIA 2차 1라운드 2순위,15KIA
KIA,52641,황동하,No. 41,2002년 07월 30일,투수(우투우타),183cm/96kg,진북초-전라중-인상고,4000만원,10000만원,22 KIA 2차 7라운드 65순위,23KIA
두산,63123,강승호,No. 23,1994년 02월 09일,내야수(우투우타),178cm/88kg,순천북초-천안북중-북일고-LG-경찰-LG-SK,20000만원,37000만원,13 LG 1라운드 3순위,13LG
두산,51269,강현구,No. 60,2002년 06월 16일,외야수(우투우타),186cm/98kg,서울도림초(인천남동구리틀)-동산중-인천고,7000만원,3000만원,21 두산 2차 3라운드 30순위,21두산
두산,72523,고효준,No. 35,1983년 02월 08일,투수(좌투좌타),179cm/81kg,서원초-세광중-세광고-롯데-SK-KIA-롯데-LG-SSG,11000만원,8000만원,02 롯데 2차 1라운드 6순위,02롯데
두산,68220,곽빈,No. 47,1999년 05월 28일,투수(우투우타),187cm/95kg,서울학동초-자양중-배명고,30000만원,38000만원,18 두산 1차,18두산
두산,66112,김기연,No. 45,1997년 09월 07일,포수(우투우타),178cm/106kg,광주수창초-진흥중-진흥고-LG,7000만원,11000만원,16 LG 2차 4라운드 34순위,17LG
두산,69238,김대한,No. 27,2000년 12월 06일,외야수(우투우타),185cm/83kg,숭인초(강북구리틀)-덕수중-휘문고,35000만원,4200만원,19 두산 1차,19두산
두산,52267,김동준,No. 48,2002년 09월 04일,내야수(좌투좌타),193cm/100kg,군산신풍초-군산중-군산상고,13000만원,3000만원,22 두산 2차 1라운드 9순위,22두산
두산,67246,김명신,No. 46,1993년 11월 29일,투수(우투우타),178cm/90kg,남도초-대구중-경북고-경성대,10000만원,16500만원,17 두산 2차 2라운드 20순위,17두산
두산,68200,김민규,No. 19,1999년 05월 07일,투수(우투좌타),183cm/90kg,장평초(광진구리틀)-잠신중-휘문고-두산-상무,8000만원,4200만원,18 두산 2차 3라운드 30순위,18두산
두산,53554,김민석,No. 2,2004년 05월 09일,외야수(우투좌타),185cm/83kg,신도초-휘문중-휘문고-롯데,25000만원,7500만원,23 롯데 1라운드 3순위,23롯데
두산,65269,김민혁,No. 10,1996년 05월 03일,내야수(우투우타),188cm/100kg,광주대성초-광주동성중-광주동성고,10000만원,3420만원,15 두산 2차 2라운드 16순위,17두산
두산,55216,김성재,No. 97,2006년 05월 16일,포수(우투우타),182cm/98kg,온곡초(남양주야놀유소년)-청원중-선린인터넷고,4000만원,3000만원,25 두산 8라운드 76순위,25두산
두산,53262,김유성,No. 20,2002년 01월 01일,투수(우투우타),190cm/98kg,김해삼성초-내동중-김해고-고려대(얼리 드래프트),15000만원,3300만원,23 두산 2라운드 19순위,23두산
두산,63257,김인태,No. 33,1994년 07월 03일,외야수(좌투좌타),178cm/78kg,포항제철서초-천안북중-북일고-두산-경찰,20000만원,7200만원,13 두산 1라운드 4순위,13두산
두산,78224,김재환,No. 32,1988년 09월 22일,외야수(우투좌타),183cm/90kg,영랑초-상인천중-인천고-두산-상무,15000만원,100000만원,08 두산 2차 1라운드 4순위,08두산
두산,68830,김정우,No. 30,1999년 05월 15일,투수(우투우타),183cm/87kg,소래초-동산중-동산고-SK-상무-SSG,16000만원,3000만원,18 SK 1차,18SK
두산,55226,김준상,No. 94,2004년 08월 02일,내야수(우투좌타),184cm/75kg,부천상일초(부천원미리틀)-모가중-유신고-동의과학대,,3000만원,25 두산 육성선수,25두산
두산,54263,김택연,No. 63,2005년 06월 03일,투수(우투우타),181cm/88kg,동막초-상인천중-인천고,35000만원,14000만원,24 두산 1라운드 2순위,24두산
두산,55221,김한중,No. 95,2004년 11월 03일,투수(우투우타),183cm/89kg,고명초-덕수중-경기상고-여주대,,3000만원,25 두산 육성선수,25두산
두산,68269,김호준,No. 56,1998년 05월 17일,투수(좌투좌타),180cm/82kg,원주일산초-성남성일중-안산공고,,3300만원,18 두산 육성선수,19두산
두산,54219,류현준,No. 11,2005년 03월 25일,포수(우투우타),182cm/92kg,문정초(송파구리틀)-배재중-장충고,3000만원,3100만원,24 두산 10라운드 92순위,24두산
두산,64468,박계범,No. 14,1996년 01월 11일,내야수(우투우타),177cm/84kg,순천북초-순천이수중-효천고-삼성-상무-삼성,11000만원,6800만원,14 삼성 2차 2라운드 17순위,14삼성
두산,53204,박민준,No. 26,2002년 10월 21일,포수(우투우타),183cm/95kg,아라초-마산동중-용마고-동강대,4000만원,3100만원,23 두산 8라운드 79순위,24두산
두산,51298,박성재,No. 15,2002년 11월 18일,포수(우투우타),186cm/98kg,가산초-개성중-부산고-두산-상무,3000만원,3100만원,21 두산 2차 8라운드 80순위,21두산
두산,68249,박신지,No. 49,1999년 07월 16일,투수(우투우타),185cm/75kg,목암초(의정부리틀)-영동중-경기고-두산-상무,14000만원,3200만원,18 두산 2차 1라운드 10순위,18두산
두산,65639,박정수,No. 12,1996년 01월 29일,투수(우언좌타),178cm/74kg,서울청구초-서울이수중-야탑고-KIA-경찰-KIA-NC,5000만원,5200만원,15 KIA 2차 7라운드 65순위,15KIA
두산,55252,박준순,No. 52,2006년 07월 13일,내야수(우투우타),180cm/80kg,배봉초(동대문구리틀)-청량중-덕수고,26000만원,3000만원,25 두산 1라운드 6순위,25두산
두산,66928,박준영,No. 16,1997년 08월 05일,내야수(우투우타),180cm/90kg,서울도곡초(남양주리틀)-잠신중-경기고-NC,20000만원,8500만원,16 NC 1차,16NC
두산,54213,박지호,No. 4,2003년 07월 02일,투수(좌투좌타),181cm/99kg,부성초(천안유소년리틀)-모가중-장안고-동강대,6000만원,3100만원,24 두산 5라운드 42순위,24두산
두산,50204,박지훈,No. 37,2000년 09월 07일,내야수(우투우타),183cm/80kg,김해삼성초-경남중-마산고,6000만원,3240만원,20 두산 2차 5라운드 49순위,20두산
두산,67266,박치국,No. 1,1998년 03월 10일,투수(우언우타),177cm/78kg,인천숭의초-인천신흥중-제물포고,14000만원,11000만원,17 두산 2차 1라운드 10순위,17두산
두산,51203,안재석,No. 62,2002년 02월 15일,내야수(우투좌타),185cm/75kg,성내초(강동구리틀)-배재중-서울고,20000만원,4300만원,21 두산 1차,21두산
두산,64153,양석환,No. 53,1991년 07월 15일,내야수(우투우타),185cm/90kg,백운초-신일중-신일고-동국대-LG-상무-LG,9000만원,30000만원,14 LG 2차 3라운드 28순위,14LG
두산,76232,양의지,No. 25,1987년 06월 05일,포수(우투우타),180cm/95kg,송정동초-무등중-진흥고-두산-경찰-두산-NC,3000만원,160000만원,06 두산 2차 8라운드 59순위,06두산
두산,55215,양재훈,No. 92,2003년 05월 01일,투수(우투우타),186cm/89kg,부산수영초-사직중-개성고-동의과학대,5000만원,3000만원,25 두산 7라운드 66순위,25두산
두산,54205,여동건,No. 5,2005년 08월 04일,내야수(우투우타),175cm/75kg,가동초-자양중-서울고,15000만원,3300만원,24 두산 2라운드 12순위,24두산
두산,50208,오명진,No. 6,2001년 09월 04일,내야수(우투좌타),179cm/79kg,대전신흥초-한밭중-세광고,5000만원,3100만원,20 두산 2차 6라운드 59순위,20두산
두산,52202,윤태호,No. 65,2003년 10월 10일,투수(우투우타),190cm/88kg,상인천초-동인천중-인천고,6000만원,3000만원,22 두산 2차 5라운드 49순위,22두산
두산,69205,이교훈,No. 7,2000년 05월 29일,투수(좌투좌타),181cm/83kg,구리초(남양주리틀)-청원중-서울고,8000만원,3800만원,19 두산 2차 3라운드 29순위,19두산
두산,52204,이병헌,No. 29,2003년 06월 04일,투수(좌투좌타),183cm/95kg,역삼초-영동중-서울고,27000만원,13000만원,22 두산 1차,22두산
두산,55224,이선우,No. 24,2006년 04월 04일,내야수(우투좌타),182cm/80kg,일산신일초(일산서구리틀)-충암중-충암고,7000만원,3000만원,25 두산 5라운드 46순위,25두산
두산,64805,이승진,No. 55,1995년 01월 07일,투수(우투우타),186cm/86kg,수원신곡초-매송중-야탑고-상무-SK,5000만원,4400만원,14 SK 2차 7라운드 73순위,16상무
두산,66291,이영하,No. 50,1997년 11월 01일,투수(우투우타),192cm/91kg,영일초-강남중-선린인터넷고,35000만원,18000만원,16 두산 1차,17두산
두산,67207,이유찬,No. 13,1998년 08월 05일,내야수(우투우타),175cm/68kg,동막초-천안북중-북일고-두산-상무,6000만원,10500만원,17 두산 2차 5라운드 50순위,17두산
두산,54236,임종성,No. 3,2005년 03월 03일,내야수(우투우타),183cm/90kg,본리초-대구중-경북고,10000만원,3100만원,24 두산 3라운드 22순위,24두산
두산,63202,장승현,No. 22,1994년 03월 07일,포수(우투우타),184cm/86kg,인천서림초-동산중-제물포고-두산-경찰,7000만원,4800만원,13 두산 4라운드 36순위,13두산
두산,55239,잭로그,No. 39,1996년 04월 23일,투수(좌투좌타),183cm/84kg,미국 Archbishop Moeller(고)-미국 Kentucky(대),100000달러,700000달러,25 두산 자유선발,25두산
두산,54214,전다민,No. 9,2001년 08월 21일,외야수(우투좌타),177cm/75kg,길동초-청원중-설악고-강릉영동대,6000만원,3500만원,24 두산 6라운드 52순위,24두산
두산,79231,정수빈,No. 31,1990년 10월 07일,외야수(좌투좌타),175cm/70kg,수원신곡초-수원북중-유신고-두산-경찰,6000만원,60000만원,09 두산 2차 5라운드 39순위,09두산
두산,50211,제환유,No. 93,2000년 09월 30일,투수(우투좌타),183cm/76kg,둔산초-공주중-공주고,10000만원,3000만원,20 두산 2차 2라운드 19순위,20두산
두산,66209,조수행,No. 51,1993년 08월 30일,외야수(우투좌타),178cm/73kg,노암초-경포중-강릉고-건국대-두산-상무,14000만원,20000만원,16 두산 2차 1라운드 5순위,16두산
두산,52208,천현재,No. 96,1999년 07월 05일,외야수(우투좌타),183cm/90kg,연제초(부산남구리틀)-신정중-부경고-성균관대,,3000만원,22 두산 육성선수,25두산
두산,55268,최민석,No. 68,2006년 07월 02일,투수(우투우타),188cm/84kg,중대초-양천중-서울고,15000만원,3000만원,25 두산 2라운드 16순위,25두산
두산,51264,최승용,No. 28,2001년 05월 11일,투수(좌투좌타),190cm/87kg,양오초-모가중-소래고,8000만원,8500만원,21 두산 2차 2라운드 20순위,21두산
두산,67263,최원준,No. 61,1994년 12월 21일,투수(우언우타),182cm/91kg,수유초-신일중-신일고-동국대,18000만원,22500만원,17 두산 1차,18두산
두산,50206,최종인,No. 40,2001년 05월 01일,투수(우투우타),185cm/84kg,해강초-센텀중-부산고,3000만원,3500만원,20 두산 2차 9라운드 89순위,24두산
두산,53259,최준호,No. 41,2004년 06월 03일,투수(우투우타),188cm/90kg,온양온천초-온양중-북일고,20000만원,5800만원,23 두산 1라운드 9순위,23두산
두산,52206,최지강,No. 42,2001년 07월 23일,투수(우투좌타),180cm/88kg,광주서석초-광주동성중-광주동성고-강릉영동대,,9500만원,22 두산 육성선수,22두산
두산,68362,추재현,No. 36,1999년 02월 22일,외야수(좌투좌타),178cm/85kg,경수초(성동구리틀)-건대부중-신일고-히어로즈-키움-롯데-상무-롯데,8000만원,6000만원,18 넥센 2차 3라운드 28순위,18넥센
두산,55208,케이브,No. 8,1992년 12월 04일,외야수(좌투좌타),183cm/90kg,미국 Kecoughtan(고),200000달러,800000달러,25 두산 자유선발,25두산
두산,55257,콜어빈,No. 57,1994년 01월 31일,투수(좌투좌타),193cm/102kg,미국 Servite(고)-미국 Oregon(대),200000달러,800000달러,25 두산 자유선발,25두산
두산,61643,홍건희,No. 17,1992년 09월 29일,투수(우투우타),187cm/97kg,화순초-화순중-화순고-KIA-상무-KIA,14000만원,30000만원,11 KIA 2라운드 9순위,11KIA
두산,55267,홍민규,No. 67,2006년 09월 11일,투수(우투좌타),183cm/87kg,서울논현초(용산구리틀)-대원중-야탑고,10000만원,3000만원,25 두산 3라운드 26순위,25두산
두산,66233,홍성호,No. 34,1997년 07월 15일,외야수(우투좌타),187cm/98kg,인헌초-선린중-선린인터넷고,7000만원,3300만원,16 두산 2차 4라운드 36순위,16두산
두산,55258,황희천,No. 58,2006년 11월 06일,투수(좌투좌타),190cm/93kg,부산수영초-개성중-충암고,8000만원,3000만원,25 두산 4라운드 36순위,25두산
키움,62925,강진성,No.,1993년 10월 19일,내야수(우투우타),176cm/89kg,가동초-잠신중-경기고-NC-경찰-NC-두산-SSG-키움,7000만원,5500만원,12 NC 4라운드 33순위,12NC
키움,54344,고영우,No. 44,2001년 06월 21일,내야수(우투우타),173cm/80kg,부산대연초(사상구리틀)-대동중-경남고-성균관대,7000만원,4500만원,24 키움 4라운드 39순위,24키움
키움,55371,권혁빈,No. 71,2005년 11월 04일,내야수(우투우타),185cm/75kg,칠성초-경상중-대구고,5000만원,3000만원,25 키움 7라운드 61순위,25키움
키움,53312,김건희,No. 12,2004년 11월 07일,포수(우투우타),186cm/96kg,대전신흥초-온양중-원주고,22000만원,5200만원,23 키움 1라운드 6순위,23키움
키움,53164,김동규,No. 99,2004년 07월 09일,투수(우투우타),194cm/100kg,서울청구초-영남중-성남고-LG,13000만원,3100만원,23 LG 2라운드 17순위,23LG
키움,66838,김동엽,No. 38,1990년 07월 24일,외야수(우투우타),186cm/101kg,천안남산초-천안북중-북일고-SK-삼성,,5000만원,16 SK 2차 9라운드 86순위,09시카고컵스
키움,53344,김동헌,No. 47,2004년 07월 15일,포수(우투우타),182cm/91kg,영문초(영등포구리틀)-충암중-충암고,15000만원,3800만원,23 키움 2라운드 12순위,23키움
키움,50304,김병휘,No. 23,2001년 02월 16일,내야수(우투우타),177cm/79kg,효제초-홍은중-장충고,7000만원,3500만원,20 키움 2차 4라운드 37순위,20키움
키움,55359,김서준,No. 59,2006년 12월 22일,투수(우투좌타),187cm/83kg,고양화정초(일산서구리틀)-원당중-충훈고,22000만원,3000만원,25 키움 1라운드 7순위,25키움
키움,66018,김선기,No. 49,1991년 09월 01일,투수(우투우타),187cm/98kg,석교초-세광중-세광고-상무-히어로즈,,8400만원,18 넥센 2차 1라운드 8순위,09시애틀
키움,67828,김성민,No. 8,1994년 04월 26일,투수(좌투좌타),181cm/90kg,대구옥산초-경복중-대구상원고-일본경제대-SK-히어로즈,13000만원,11000만원,17 SK 2차 1라운드 6순위,17SK
키움,54368,김연주,No. 68,2004년 02월 27일,투수(우투우타),175cm/75kg,대전신흥초-충남중-세광고,9000만원,3800만원,24 키움 3라운드 29순위,24키움
키움,65898,김웅빈,No. 10,1996년 02월 09일,내야수(우투좌타),182cm/97kg,서라벌초-울산제일중-울산공고-히어로즈-상무,8000만원,4000만원,15 SK 2차 3라운드 27순위,16넥센
키움,54319,김윤하,No. 19,2005년 03월 07일,투수(우투우타),185cm/90kg,와부초(남양주리틀)-덕수중-장충고,20000만원,4500만원,24 키움 1라운드 9순위,24키움
키움,69367,김인범,No. 67,2000년 01월 12일,투수(우투우타),187cm/91kg,하남동부초(하남시리틀)-전라중-전주고-키움-상무,7000만원,4500만원,19 넥센 2차 4라운드 34순위,21키움
키움,62332,김재현,No. 32,1993년 03월 18일,포수(우투우타),178cm/90kg,진북초-전라중-대전고-히어로즈-상무,3000만원,10000만원,12 넥센 8라운드 76순위,12넥센
키움,64984,김태진,No. 1,1995년 10월 07일,내야수(우투좌타),169cm/73kg,수유초-신일중-신일고-NC-경찰-NC-KIA,8000만원,9000만원,14 NC 2차 4라운드 45순위,14NC
키움,55322,로젠버그,No.,1995년 07월 09일,투수(좌투좌타),186cm/90kg,미국 California State(대)-키움,,700000달러,25 키움 자유선발,25키움
키움,55342,메르세데스,No. 42,1994년 03월 08일,투수(좌투양타),188cm/82kg,도미니카 Colegio Nueva Esperanza(고),,200000달러,25 키움 자유선발,25키움
키움,54304,박범준,No.,2004년 05월 28일,투수(우투좌타),183cm/75kg,대전신흥초-한밭중-대전고,4000만원,3100만원,24 키움 9라운드 89순위,24키움
키움,53305,박성빈,No. 56,2004년 04월 21일,포수(우투우타),177cm/94kg,한밭초(계룡시리틀)-충남중-대전고,5000만원,3000만원,23 키움 7라운드 66순위,24키움
키움,52305,박수종,No. 14,1999년 02월 25일,외야수(우투우타),178cm/82kg,도신초-강남중-충암고-경성대,,4500만원,22 키움 육성선수,23키움
키움,53301,박윤성,No. 35,2004년 02월 08일,투수(우투우타),183cm/96kg,부산수영초-개성중-경남고,9000만원,3500만원,23 키움 3라운드 26순위,24키움
키움,55394,박정훈,No. 94,2006년 03월 23일,투수(좌투좌타),192cm/103kg,삼일초-매향중-비봉고,10000만원,3000만원,25 키움 3라운드 28순위,25키움
키움,69328,박주성,No. 0,2000년 11월 09일,투수(우투우타),180cm/90kg,경동초(성동구리틀)-건대부중-경기고-키움-상무,15000만원,3700만원,19 넥센 1차,19키움
키움,50357,박주홍,No. 57,2001년 04월 16일,외야수(좌투좌타),187cm/87kg,자양초(하남시리틀)-건대부중-장충고,20000만원,3700만원,20 키움 1차,20키움
키움,68305,변상권,No. 9,1997년 04월 04일,외야수(우투좌타),180cm/80kg,인천서림초-상인천중-제물포고-인천재능대-히어로즈-키움-상무,,5500만원,18 넥센 육성선수,20키움
키움,53309,서유신,No. 98,2000년 08월 17일,내야수(우투우타),176cm/76kg,광주수창초-충장중-화순고-원광대,,3000만원,23 키움 11라운드 106순위,25키움
키움,54363,손현기,No. 63,2005년 10월 22일,투수(좌투좌타),188cm/88kg,순천북초-순천이수중-전주고,12000만원,3100만원,24 키움 2라운드 19순위,24키움
키움,55300,손힘찬,No. 37,2002년 07월 17일,투수(우투우타),191cm/88kg,화산초(수원영통구리틀)-현도중-세광고-동아대,,3000만원,25 키움 육성선수,25키움
키움,65357,송성문,No. 24,1996년 08월 29일,내야수(우투좌타),183cm/88kg,봉천초(용산구리틀)-홍은중-장충고-히어로즈-키움-상무,8000만원,30000만원,15 넥센 2차 5라운드 49순위,15넥센
키움,52391,송정인,No.,2003년 05월 05일,투수(우투우타),187cm/84kg,화곡초-선린중-야탑고-키움,10000만원,3000만원,22 키움 2차 2라운드 16순위,22키움
키움,54394,송지후,No. 86,2005년 01월 08일,내야수(우투우타),175cm/74kg,광주수창초-진흥중-광주제일고,5000만원,3000만원,24 키움 6라운드 59순위,24키움
키움,55326,스톤,No.,1995년 11월 22일,외야수(우투우타),185cm/103kg,미국 George Ranch(고)-키움,,35000달러,25 키움 부상 대체 외국인선수,25키움
키움,68341,안우진,No. 41,1999년 08월 30일,투수(우투우타),192cm/90kg,강남초-서울이수중-휘문고-히어로즈,60000만원,48000만원,18 넥센 1차,18넥센
키움,69045,알칸타라,No. 54,1992년 12월 04일,투수(우투우타),193cm/100kg,도미니카 Liceo secundario Emma Balaguer(고)-KT-두산,,250000달러,19 KT 자유선발,19KT
키움,67365,양지율,No. 55,1998년 12월 16일,투수(우투우타),185cm/103kg,서울청구초-홍은중-장충고,9000만원,3500만원,17 넥센 2차 2라운드 17순위,19키움
키움,55370,양현종,No. 70,2006년 08월 15일,내야수(우투우타),177cm/84kg,대구옥산초-협성경복중-대구고,7000만원,3000만원,25 키움 6라운드 51순위,25키움
키움,55392,어준서,No. 92,2006년 11월 27일,내야수(우투좌타),183cm/87kg,수유초-자양중-경기고,11000만원,3000만원,25 키움 3라운드 21순위,25키움
키움,55393,여동욱,No. 93,2005년 11월 10일,내야수(우투우타),180cm/90kg,남도초-협성경복중-대구상원고,10000만원,3000만원,25 키움 3라운드 27순위,25키움
키움,55339,염승원,No. 39,2006년 03월 20일,내야수(우투좌타),180cm/78kg,고명초-휘문중-휘문고,16000만원,3000만원,25 키움 2라운드 11순위,25키움
키움,67116,오석주,No. 31,1998년 04월 14일,투수(우투우타),180cm/74kg,양정초-대천중-제주고-LG,6000만원,3900만원,17 LG 2차 6라운드 52순위,19LG
키움,78756,오선진,No. 60,1989년 07월 07일,내야수(우투우타),178cm/80kg,화곡초-성남중-성남고-한화-상무-한화-삼성-한화-롯데,6000만원,4000만원,08 한화 2차 4라운드 26순위,08한화
키움,54307,원성준,No. 33,2000년 03월 31일,외야수(우투좌타),181cm/80kg,고명초-서울이수중-경기고-성균관대,,4000만원,24 키움 육성선수,24키움
키움,76118,원종현,No. 46,1987년 07월 31일,투수(우언우타),182cm/88kg,군산중앙초-군산중-군산상고-LG-경찰-NC,11000만원,50000만원,06 LG 2차 2라운드 11순위,06LG
키움,55348,웰스,No.,1997년 02월 27일,투수(좌투좌타),185cm/84kg,호주 Hunter Sports(고),,30000달러,25 키움 부상 대체 외국인선수,25키움
키움,52395,윤석원,No. 95,2003년 07월 04일,투수(좌투좌타),185cm/81kg,부산대연초-개성중-부산고,6000만원,4000만원,22 키움 2차 4라운드 36순위,23키움
키움,55396,윤현,No. 96,2006년 10월 20일,투수(우투우타),187cm/90kg,가동초-자양중-경기고,8000만원,3000만원,25 키움 4라운드 31순위,25키움
키움,50036,이강준,No. 11,2001년 12월 14일,투수(우투우타),180cm/80kg,서당초-설악중-설악고-KT-롯데-키움-상무,9000만원,3200만원,20 KT 2차 3라운드 22순위,20KT
키움,75566,이원석,No. 17,1986년 10월 21일,내야수(우투우타),181cm/82kg,학강초-광주동성중-광주동성고-(세민디지털대)-롯데-두산-상무-두산-삼성,13000만원,30000만원,05 롯데 2차 2라운드 9순위,05롯데
키움,54305,이재상,No. 5,2005년 04월 17일,내야수(우투우타),183cm/85kg,갈산초-성남중-성남고,13000만원,3200만원,24 키움 2라운드 16순위,24키움
키움,50354,이종민,No. 45,2001년 06월 04일,투수(좌투좌타),185cm/96kg,성동초-덕수중-성남고-키움-상무,11000만원,3600만원,20 키움 2차 1라운드 7순위,20키움
키움,50167,이주형,No. 2,2001년 04월 02일,외야수(우투좌타),181cm/80kg,송수초(해운대리틀)-센텀중-경남고-LG,15000만원,11000만원,20 LG 2차 2라운드 13순위,20LG
키움,51302,이주형,No. 58,2002년 07월 05일,내야수(좌투좌타),183cm/105kg,이매초-매송중-야탑고-키움-상무,6000만원,3700만원,21 키움 2차 4라운드 39순위,21키움
키움,55301,이준우,No. 21,2001년 03월 02일,투수(우투우타),183cm/93kg,문현초(해운대리틀)-센텀중-경남고,,3000만원,25 키움 육성선수,25키움
키움,78135,이형종,No. 36,1989년 06월 07일,외야수(우투우타),183cm/87kg,화곡초-양천중-서울고-LG,43000만원,60000만원,08 LG 1차,08LG
키움,64346,임병욱,No. 6,1995년 09월 30일,외야수(우투좌타),187cm/94kg,수원신곡초-배명중-덕수고-히어로즈-키움-상무,20000만원,6000만원,14 넥센 1차,14넥센
키움,64340,임지열,No. 29,1995년 08월 22일,외야수(우투우타),180cm/94kg,대전신흥초-건대부중-덕수고-히어로즈-경찰,11000만원,5800만원,14 넥센 2차 2라운드 22순위,14넥센
키움,55382,임진묵,No. 82,2006년 04월 23일,투수(우투우타),181cm/85kg,천안청룡초-상명중-경기상고,4000만원,3000만원,25 키움 9라운드 81순위,25키움
키움,51359,장재영,No. 23,2002년 05월 10일,외야수(우투우타),187cm/83kg,갈산초-서울신월중-덕수고-키움-상무,90000만원,4600만원,21 키움 1차,21키움
키움,77927,장필준,No.,1988년 04월 08일,투수(우투우타),190cm/90kg,온양온천초-온양중-북일고-상무-삼성-키움,,4000만원,15 삼성 2차 1라운드 9순위,07상무
키움,54362,전준표,No. 62,2005년 05월 07일,투수(우투우타),186cm/90kg,잠일초(강동구리틀)-잠신중-서울고,21000만원,3200만원,24 키움 1라운드 8순위,24키움
키움,55397,전태현,No. 97,2006년 03월 02일,내야수(우투좌타),180cm/82kg,양덕초-마산동중-용마고,8000만원,3000만원,25 키움 5라운드 41순위,25키움
키움,55377,정세영,No. 77,2006년 09월 23일,투수(좌투좌타),177cm/82kg,서울학동초-언북중-경기상고,4000만원,3000만원,25 키움 8라운드 71순위,25키움
키움,55313,정현우,No. 13,2006년 04월 13일,투수(좌투좌타),181cm/91kg,홍제초(서대문구리틀)-충암중-덕수고,50000만원,3000만원,25 키움 1라운드 1순위,25키움
키움,69360,조영건,No. 20,1999년 02월 04일,투수(우투우타),180cm/85kg,대전신흥초-충남중-백송고,10000만원,3800만원,19 넥센 2차 2라운드 14순위,19키움
키움,69332,주성원,No. 25,2000년 08월 30일,외야수(우투우타),182cm/95kg,부산대연초(남구리틀)-부산신정중-개성고,8000만원,3800만원,19 넥센 2차 3라운드 24순위,19키움
키움,52330,주승우,No. 30,2000년 01월 30일,투수(우투우타),180cm/82kg,송추초(의정부리틀)-영동중-서울고-성균관대,18000만원,7700만원,22 키움 1차,22키움
키움,76267,최주환,No. 53,1988년 02월 28일,내야수(우투좌타),177cm/73kg,학강초-광주동성중-광주동성고-두산-상무-두산-SK-SSG,6000만원,30000만원,06 두산 2차 6라운드 46순위,06두산
키움,54444,카디네스,No. 4,1997년 10월 10일,외야수(우투우타),185cm/93kg,미국 California State(대)-삼성,,450000달러,24 삼성 자유선발,24삼성
키움,52366,푸이그,No.,1990년 12월 07일,외야수(우투우타),188cm/108kg,쿠바 EIEFD(대)-키움,300000달러,1000000달러,22 키움 자유선발,22키움
키움,64350,하영민,No. 50,1995년 05월 07일,투수(우투우타),183cm/74kg,광주수창초-진흥중-진흥고-히어로즈,15000만원,16500만원,14 넥센 2차 1라운드 4순위,14넥센
